시도,시군구,도로형태,발생건수,사망자수,부상자수,중상,경상,부상신고
서울,종로구,터널안,14,0,31,2,27,2
서울,종로구,교량위,4,0,5,2,3,0
서울,종로구,고가도로위,1,0,2,0,2,0
서울,종로구,지하차도(도로)내,3,0,9,2,5,2
서울,종로구,기타단일로,693,9,961,218,613,130
서울,종로구,교차로내,244,3,375,83,239,53
서울,종로구,교차로횡단보도내,33,0,39,14,20,5
서울,종로구,교차로부근,176,1,244,46,175,23
서울,종로구,주차장,1,0,1,0,1,0
서울,종로구,기타,20,0,21,8,11,2
서울,종로구,불명,1,0,1,0,1,0
서울,중구,터널안,13,0,35,8,17,10
서울,중구,교량위,1,0,1,0,1,0
서울,중구,지하차도(도로)내,1,0,4,1,3,0
서울,중구,기타단일로,684,3,903,221,590,92
서울,중구,교차로내,237,1,340,98,212,30
서울,중구,교차로횡단보도내,45,0,54,18,24,12
서울,중구,교차로부근,218,0,284,64,174,46
서울,중구,주차장,5,0,5,1,4,0
서울,중구,기타,48,0,58,18,37,3
서울,용산구,터널안,10,0,13,2,8,3
서울,용산구,교량위,27,1,44,7,36,1
서울,용산구,고가도로위,9,1,17,1,15,1
서울,용산구,지하차도(도로)내,49,0,73,21,52,0
서울,용산구,기타단일로,754,10,1112,222,803,87
서울,용산구,교차로내,207,0,306,59,216,31
서울,용산구,교차로횡단보도내,32,0,33,17,15,1
서울,용산구,교차로부근,189,0,266,52,200,14
서울,용산구,주차장,2,0,3,0,3,0
서울,용산구,기타,56,0,76,20,48,8
서울,용산구,불명,2,0,6,0,6,0
서울,성동구,터널안,2,0,2,0,2,0
서울,성동구,교량위,31,0,59,18,40,1
서울,성동구,고가도로위,10,0,15,4,11,0
서울,성동구,지하차도(도로)내,3,1,2,1,0,1
서울,성동구,기타단일로,498,7,718,139,478,101
서울,성동구,교차로내,271,5,366,101,227,38
서울,성동구,교차로횡단보도내,47,1,47,20,24,3
서울,성동구,교차로부근,129,1,181,32,120,29
서울,성동구,주차장,3,0,3,2,1,0
서울,성동구,기타,82,0,108,27,73,8
서울,동대문구,터널안,2,0,5,0,5,0
서울,동대문구,교량위,7,1,7,1,4,2
서울,동대문구,고가도로위,10,0,26,5,20,1
서울,동대문구,지하차도(도로)내,2,0,2,2,0,0
서울,동대문구,기타단일로,798,15,978,256,654,68
서울,동대문구,교차로내,423,3,537,159,343,35
서울,동대문구,교차로횡단보도내,92,1,102,48,49,5
서울,동대문구,교차로부근,271,4,355,83,245,27
서울,동대문구,주차장,5,0,5,2,2,1
서울,동대문구,기타,103,1,117,28,82,7
서울,동대문구,불명,5,0,5,1,4,0
서울,성북구,터널안,15,0,29,5,16,8
서울,성북구,교량위,7,0,13,1,12,0
서울,성북구,고가도로위,24,1,46,9,33,4
서울,성북구,기타단일로,805,10,1073,227,781,65
서울,성북구,교차로내,371,3,475,112,337,26
서울,성북구,교차로횡단보도내,80,2,81,29,49,3
서울,성북구,교차로부근,194,1,271,59,193,19
서울,성북구,주차장,3,0,5,0,5,0
서울,성북구,기타,58,0,75,20,51,4
서울,도봉구,터널안,2,0,3,3,0,0
서울,도봉구,교량위,3,0,5,1,4,0
서울,도봉구,고가도로위,1,0,1,0,0,1
서울,도봉구,지하차도(도로)내,8,1,12,3,8,1
서울,도봉구,기타단일로,361,4,437,118,272,47
서울,도봉구,교차로내,356,0,495,123,310,62
서울,도봉구,교차로횡단보도내,53,1,57,21,31,5
서울,도봉구,교차로부근,147,2,217,43,152,22
서울,도봉구,주차장,1,0,1,0,0,1
서울,도봉구,기타,12,1,11,4,5,2
서울,은평구,터널안,2,0,11,1,10,0
서울,은평구,교량위,1,0,1,0,1,0
서울,은평구,기타단일로,435,4,553,138,359,56
서울,은평구,교차로내,296,4,505,97,349,59
서울,은평구,교차로횡단보도내,73,2,77,33,37,7
서울,은평구,교차로부근,224,2,298,59,225,14
서울,은평구,주차장,5,0,6,0,6,0
서울,은평구,기타,30,0,37,9,21,7
서울,은평구,불명,1,0,1,0,1,0
서울,서대문구,터널안,5,0,11,1,10,0
서울,서대문구,교량위,7,0,20,5,8,7
서울,서대문구,고가도로위,9,0,18,2,14,2
서울,서대문구,기타단일로,660,6,897,198,590,109
서울,서대문구,교차로내,193,2,283,68,174,41
서울,서대문구,교차로횡단보도내,29,0,32,12,18,2
서울,서대문구,교차로부근,93,0,129,35,82,12
서울,서대문구,주차장,2,0,2,0,2,0
서울,서대문구,기타,33,0,37,10,24,3
서울,서대문구,불명,1,0,1,0,1,0
서울,마포구,터널안,5,0,14,4,10,0
서울,마포구,교량위,25,0,45,7,36,2
서울,마포구,고가도로위,5,0,7,1,4,2
서울,마포구,지하차도(도로)내,5,0,5,1,4,0
서울,마포구,기타단일로,1089,5,1663,306,1215,142
서울,마포구,교차로내,351,1,545,114,400,31
서울,마포구,교차로횡단보도내,55,2,57,20,34,3
서울,마포구,교차로부근,194,0,277,52,207,18
서울,마포구,주차장,12,0,16,3,13,0
서울,마포구,기타,115,0,159,19,129,11
서울,마포구,불명,3,0,5,0,5,0
서울,강서구,터널안,5,0,9,1,7,1
서울,강서구,교량위,5,0,7,0,7,0
서울,강서구,고가도로위,3,0,4,1,3,0
서울,강서구,지하차도(도로)내,3,0,3,2,0,1
서울,강서구,기타단일로,762,9,1017,265,680,72
서울,강서구,교차로내,343,1,498,119,349,30
서울,강서구,교차로횡단보도내,57,1,58,22,32,4
서울,강서구,교차로부근,282,0,381,79,266,36
서울,강서구,주차장,9,0,9,3,6,0
서울,강서구,기타,113,1,167,25,126,16
서울,강서구,불명,2,0,2,1,1,0
서울,구로구,터널안,5,0,7,1,6,0
서울,구로구,교량위,11,0,23,0,20,3
서울,구로구,고가도로위,15,0,24,4,19,1
서울,구로구,지하차도(도로)내,6,0,8,3,5,0
서울,구로구,기타단일로,750,7,1021,238,691,92
서울,구로구,교차로내,385,3,537,127,371,39
서울,구로구,교차로횡단보도내,72,1,81,42,38,1
서울,구로구,교차로부근,155,1,220,51,161,8
서울,구로구,주차장,2,0,2,1,1,0
서울,구로구,기타,32,0,37,15,18,4
서울,영등포구,터널안,2,0,3,2,1,0
서울,영등포구,교량위,67,2,113,15,89,9
서울,영등포구,고가도로위,11,0,21,2,17,2
서울,영등포구,지하차도(도로)내,5,0,7,0,7,0
서울,영등포구,기타단일로,1204,14,1754,353,1207,194
서울,영등포구,교차로내,556,4,867,160,619,88
서울,영등포구,교차로횡단보도내,49,0,52,18,27,7
서울,영등포구,교차로부근,344,1,492,100,342,50
서울,영등포구,주차장,3,0,4,0,4,0
서울,영등포구,기타,141,1,198,36,132,30
서울,영등포구,불명,4,0,8,0,7,1
서울,동작구,터널안,7,0,13,2,10,1
서울,동작구,교량위,12,0,16,2,14,0
서울,동작구,고가도로위,10,1,12,3,8,1
서울,동작구,기타단일로,793,9,1118,231,776,111
서울,동작구,교차로내,252,6,371,77,247,47
서울,동작구,교차로횡단보도내,43,1,45,15,26,4
서울,동작구,교차로부근,210,2,359,70,253,36
서울,동작구,주차장,2,0,4,0,4,0
서울,동작구,기타,80,1,105,26,70,9
서울,관악구,터널안,14,0,29,8,18,3
서울,관악구,교량위,2,0,2,1,1,0
서울,관악구,지하차도(도로)내,2,0,4,1,2,1
서울,관악구,기타단일로,741,8,949,199,663,87
서울,관악구,교차로내,266,1,379,96,246,37
서울,관악구,교차로횡단보도내,31,0,36,21,11,4
서울,관악구,교차로부근,151,1,201,51,130,20
서울,관악구,주차장,3,1,4,0,4,0
서울,관악구,기타,40,0,54,4,41,9
서울,관악구,불명,1,0,1,0,1,0
서울,강남구,터널안,10,1,16,1,14,1
서울,강남구,교량위,18,1,30,5,24,1
서울,강남구,고가도로위,3,0,3,1,2,0
서울,강남구,지하차도(도로)내,5,0,7,1,2,4
서울,강남구,기타단일로,1873,9,2660,502,1918,240
서울,강남구,교차로내,673,4,1001,221,674,106
서울,강남구,교차로횡단보도내,77,0,80,32,39,9
서울,강남구,교차로부근,589,4,889,150,670,69
서울,강남구,주차장,13,0,16,2,12,2
서울,강남구,기타,207,0,256,59,175,22
서울,강남구,불명,1,0,1,1,0,0
서울,강동구,교량위,19,1,25,8,14,3
서울,강동구,기타단일로,692,9,961,255,622,84
서울,강동구,교차로내,365,4,502,134,336,32
서울,강동구,교차로횡단보도내,57,3,58,25,31,2
서울,강동구,교차로부근,162,1,236,60,158,18
서울,강동구,주차장,7,0,7,2,5,0
서울,강동구,기타,67,1,82,28,45,9
서울,강동구,불명,2,0,2,0,1,1
서울,송파구,터널안,3,0,4,0,3,1
서울,송파구,교량위,24,0,50,13,28,9
서울,송파구,고가도로위,4,0,7,0,6,1
서울,송파구,지하차도(도로)내,5,0,7,1,6,0
서울,송파구,기타단일로,1317,13,1775,383,1158,234
서울,송파구,교차로내,681,3,1003,245,593,165
서울,송파구,교차로횡단보도내,126,4,133,55,61,17
서울,송파구,교차로부근,463,3,654,126,460,68
서울,송파구,주차장,7,0,9,3,5,1
서울,송파구,기타,125,0,160,29,102,29
서울,송파구,불명,3,0,3,0,3,0
서울,서초구,터널안,16,0,32,6,23,3
서울,서초구,교량위,11,0,18,4,13,1
서울,서초구,고가도로위,23,0,44,9,33,2
서울,서초구,지하차도(도로)내,11,0,13,4,6,3
서울,서초구,기타단일로,1364,17,2053,355,1554,144
서울,서초구,교차로내,430,0,680,147,485,48
서울,서초구,교차로횡단보도내,56,0,63,24,36,3
서울,서초구,교차로부근,336,3,502,85,377,40
서울,서초구,주차장,18,0,21,4,14,3
서울,서초구,기타,93,1,119,35,71,13
서울,서초구,불명,3,0,3,1,1,1
서울,양천구,터널안,8,0,14,1,12,1
서울,양천구,교량위,4,0,9,1,7,1
서울,양천구,지하차도(도로)내,5,0,10,1,8,1
서울,양천구,기타단일로,733,9,959,218,678,63
서울,양천구,교차로내,342,3,467,91,338,38
서울,양천구,교차로횡단보도내,45,0,47,18,26,3
서울,양천구,교차로부근,177,1,249,48,176,25
서울,양천구,주차장,2,0,2,1,0,1
서울,양천구,기타,27,0,32,7,24,1
서울,중랑구,터널안,8,0,17,1,14,2
서울,중랑구,교량위,7,0,16,1,13,2
서울,중랑구,고가도로위,1,0,4,3,1,0
서울,중랑구,지하차도(도로)내,4,0,7,4,2,1
서울,중랑구,기타단일로,808,4,1072,225,716,131
서울,중랑구,교차로내,421,2,606,173,359,74
서울,중랑구,교차로횡단보도내,75,0,83,29,41,13
서울,중랑구,교차로부근,269,0,369,89,230,50
서울,중랑구,주차장,8,0,9,2,7,0
서울,중랑구,기타,37,0,44,11,26,7
서울,중랑구,불명,1,0,1,1,0,0
서울,노원구,터널안,6,2,7,3,4,0
서울,노원구,교량위,16,0,29,3,25,1
서울,노원구,고가도로위,2,0,6,0,4,2
서울,노원구,지하차도(도로)내,14,1,23,2,16,5
서울,노원구,기타단일로,689,5,914,170,667,77
서울,노원구,교차로내,374,3,533,125,370,38
서울,노원구,교차로횡단보도내,64,0,73,30,37,6
서울,노원구,교차로부근,271,0,399,77,277,45
서울,노원구,주차장,11,0,12,4,7,1
서울,노원구,기타,51,0,58,9,39,10
서울,노원구,불명,1,0,1,0,0,1
서울,광진구,교량위,48,1,59,11,45,3
서울,광진구,고가도로위,2,0,6,2,4,0
서울,광진구,기타단일로,629,11,854,211,566,77
서울,광진구,교차로내,207,2,281,68,191,22
서울,광진구,교차로횡단보도내,25,0,27,13,10,4
서울,광진구,교차로부근,129,0,190,40,132,18
서울,광진구,주차장,3,0,3,0,3,0
서울,광진구,기타,20,2,20,7,10,3
서울,광진구,불명,1,0,1,0,1,0
서울,강북구,터널안,1,0,2,1,1,0
서울,강북구,고가도로위,1,0,1,1,0,0
서울,강북구,기타단일로,609,4,778,187,549,42
서울,강북구,교차로내,346,3,459,106,331,22
서울,강북구,교차로횡단보도내,56,1,62,21,40,1
서울,강북구,교차로부근,170,1,245,45,190,10
서울,강북구,주차장,2,0,2,0,2,0
서울,강북구,기타,17,0,18,4,13,1
서울,금천구,터널안,2,0,5,1,4,0
서울,금천구,교량위,9,0,18,5,13,0
서울,금천구,고가도로위,3,0,6,0,6,0
서울,금천구,지하차도(도로)내,1,0,3,0,3,0
서울,금천구,기타단일로,396,3,556,124,373,59
서울,금천구,교차로내,247,3,411,107,275,29
서울,금천구,교차로횡단보도내,44,0,47,16,26,5
서울,금천구,교차로부근,110,0,166,26,126,14
서울,금천구,주차장,2,0,2,1,1,0
서울,금천구,기타,10,0,14,4,10,0
부산,중구,터널안,2,0,3,1,1,1
부산,중구,고가도로위,2,0,2,2,0,0
부산,중구,지하차도(도로)내,1,0,1,0,1,0
부산,중구,기타단일로,232,4,299,90,197,12
부산,중구,교차로내,76,0,105,36,64,5
부산,중구,교차로횡단보도내,5,0,8,1,6,1
부산,중구,교차로부근,27,0,34,10,22,2
부산,중구,주차장,1,0,2,0,2,0
부산,중구,기타,8,0,10,3,7,0
부산,서구,터널안,3,1,5,2,3,0
부산,서구,교량위,2,0,5,3,2,0
부산,서구,고가도로위,1,0,1,0,1,0
부산,서구,기타단일로,225,2,288,91,176,21
부산,서구,교차로내,115,1,198,51,137,10
부산,서구,교차로횡단보도내,11,1,10,4,6,0
부산,서구,교차로부근,72,1,99,24,68,7
부산,서구,주차장,1,0,1,0,1,0
부산,서구,기타,11,0,13,2,9,2
부산,동구,터널안,3,0,5,1,4,0
부산,동구,교량위,1,0,1,0,1,0
부산,동구,고가도로위,8,0,17,4,13,0
부산,동구,기타단일로,311,5,408,122,259,27
부산,동구,교차로내,119,0,179,54,117,8
부산,동구,교차로횡단보도내,9,1,8,3,4,1
부산,동구,교차로부근,50,0,69,25,42,2
부산,동구,주차장,1,0,1,0,1,0
부산,동구,기타,35,0,48,22,22,4
부산,영도구,교량위,8,1,11,6,5,0
부산,영도구,고가도로위,1,0,1,1,0,0
부산,영도구,기타단일로,230,3,296,90,189,17
부산,영도구,교차로내,85,0,124,33,90,1
부산,영도구,교차로횡단보도내,8,0,9,8,1,0
부산,영도구,교차로부근,18,0,28,7,21,0
부산,영도구,기타,5,0,5,0,5,0
부산,영도구,불명,1,0,1,1,0,0
부산,부산진구,터널안,8,0,21,5,16,0
부산,부산진구,교량위,3,0,4,0,3,1
부산,부산진구,고가도로위,13,1,25,5,19,1
부산,부산진구,지하차도(도로)내,1,0,1,1,0,0
부산,부산진구,기타단일로,816,14,1055,321,653,81
부산,부산진구,교차로내,394,3,597,192,357,48
부산,부산진구,교차로횡단보도내,39,0,44,24,18,2
부산,부산진구,교차로부근,186,2,268,70,178,20
부산,부산진구,기타,22,0,36,17,18,1
부산,동래구,터널안,4,0,11,2,9,0
부산,동래구,교량위,2,0,3,0,3,0
부산,동래구,고가도로위,2,0,4,0,4,0
부산,동래구,지하차도(도로)내,4,0,5,2,2,1
부산,동래구,기타단일로,532,5,699,196,448,55
부산,동래구,교차로내,283,1,377,113,233,31
부산,동래구,교차로횡단보도내,42,2,43,25,15,3
부산,동래구,교차로부근,64,0,87,19,63,5
부산,동래구,주차장,2,0,2,0,2,0
부산,동래구,기타,7,0,8,3,3,2
부산,동래구,불명,1,0,1,1,0,0
부산,남구,터널안,15,0,24,3,20,1
부산,남구,교량위,5,0,14,2,12,0
부산,남구,고가도로위,3,0,5,0,5,0
부산,남구,지하차도(도로)내,2,0,6,0,6,0
부산,남구,기타단일로,433,1,587,175,360,52
부산,남구,교차로내,212,1,276,90,158,28
부산,남구,교차로횡단보도내,25,0,27,16,9,2
부산,남구,교차로부근,90,2,115,41,56,18
부산,남구,기타,40,0,54,20,31,3
부산,북구,교량위,10,0,18,2,15,1
부산,북구,고가도로위,2,0,6,1,5,0
부산,북구,기타단일로,460,10,607,169,396,42
부산,북구,교차로내,176,3,231,50,166,15
부산,북구,교차로횡단보도내,21,2,20,10,9,1
부산,북구,교차로부근,63,2,82,23,56,3
부산,북구,기타,10,0,12,3,8,1
부산,해운대구,터널안,10,0,30,7,21,2
부산,해운대구,교량위,15,0,27,4,21,2
부산,해운대구,고가도로위,9,0,17,3,14,0
부산,해운대구,지하차도(도로)내,1,0,2,0,2,0
부산,해운대구,기타단일로,501,7,683,187,428,68
부산,해운대구,교차로내,300,2,457,127,297,33
부산,해운대구,교차로횡단보도내,42,0,48,26,21,1
부산,해운대구,교차로부근,159,0,248,49,173,26
부산,해운대구,주차장,4,0,4,1,2,1
부산,해운대구,기타,16,0,18,5,9,4
부산,사하구,터널안,1,0,3,0,2,1
부산,사하구,교량위,1,0,3,0,3,0
부산,사하구,고가도로위,2,0,2,1,1,0
부산,사하구,기타단일로,565,6,730,247,423,60
부산,사하구,교차로내,289,3,400,140,224,36
부산,사하구,교차로횡단보도내,18,2,17,5,10,2
부산,사하구,교차로부근,102,2,147,44,91,12
부산,사하구,주차장,1,0,1,1,0,0
부산,사하구,기타,77,1,106,32,65,9
부산,금정구,터널안,2,0,4,1,3,0
부산,금정구,교량위,1,0,2,0,1,1
부산,금정구,고가도로위,1,0,2,0,2,0
부산,금정구,기타단일로,378,7,541,144,324,73
부산,금정구,교차로내,249,0,338,94,201,43
부산,금정구,교차로횡단보도내,22,0,23,14,8,1
부산,금정구,교차로부근,90,1,122,44,70,8
부산,금정구,주차장,2,0,2,1,1,0
부산,금정구,기타,13,0,16,11,5,0
부산,강서구,터널안,2,0,3,0,3,0
부산,강서구,교량위,6,0,8,1,7,0
부산,강서구,고가도로위,3,0,6,4,2,0
부산,강서구,지하차도(도로)내,2,0,2,1,1,0
부산,강서구,기타단일로,254,12,355,132,204,19
부산,강서구,교차로내,161,2,251,99,144,8
부산,강서구,교차로횡단보도내,7,1,6,4,2,0
부산,강서구,교차로부근,102,0,151,43,104,4
부산,강서구,주차장,1,0,1,1,0,0
부산,강서구,기타,26,1,35,11,23,1
부산,연제구,터널안,1,0,1,0,1,0
부산,연제구,교량위,1,0,2,1,1,0
부산,연제구,기타단일로,344,2,452,158,269,25
부산,연제구,교차로내,158,1,196,70,103,23
부산,연제구,교차로횡단보도내,26,1,28,10,18,0
부산,연제구,교차로부근,76,1,119,36,79,4
부산,연제구,주차장,2,0,2,0,1,1
부산,연제구,기타,11,0,14,4,9,1
부산,연제구,불명,1,0,1,0,1,0
부산,수영구,터널안,1,0,1,0,1,0
부산,수영구,교량위,14,1,20,6,13,1
부산,수영구,고가도로위,1,0,1,1,0,0
부산,수영구,기타단일로,350,3,465,116,297,52
부산,수영구,교차로내,190,1,271,87,165,19
부산,수영구,교차로횡단보도내,14,0,15,8,6,1
부산,수영구,교차로부근,72,2,96,25,67,4
부산,수영구,기타,25,0,34,5,27,2
부산,수영구,불명,1,0,1,1,0,0
부산,사상구,교량위,5,0,6,2,4,0
부산,사상구,고가도로위,12,0,30,7,15,8
부산,사상구,지하차도(도로)내,1,0,1,1,0,0
부산,사상구,기타단일로,524,13,717,200,412,105
부산,사상구,교차로내,244,1,361,100,203,58
부산,사상구,교차로횡단보도내,20,2,18,11,6,1
부산,사상구,교차로부근,98,3,141,36,77,28
부산,사상구,주차장,3,0,4,1,3,0
부산,사상구,기타,12,1,12,4,6,2
부산,기장군,터널안,1,0,3,0,3,0
부산,기장군,교량위,2,0,3,0,2,1
부산,기장군,고가도로위,1,0,1,0,1,0
부산,기장군,지하차도(도로)내,1,0,1,1,0,0
부산,기장군,기타단일로,152,5,255,62,169,24
부산,기장군,교차로내,142,7,223,58,148,17
부산,기장군,교차로횡단보도내,16,1,16,6,10,0
부산,기장군,교차로부근,74,2,106,23,76,7
부산,기장군,주차장,2,0,2,0,2,0
부산,기장군,기타,38,1,53,10,40,3
부산,기장군,불명,2,0,4,0,4,0
경기,수원시,터널안,14,1,31,2,29,0
경기,수원시,교량위,15,1,26,3,22,1
경기,수원시,고가도로위,19,0,29,5,24,0
경기,수원시,지하차도(도로)내,17,0,37,10,26,1
경기,수원시,기타단일로,2127,19,3008,573,2145,290
경기,수원시,교차로내,1507,15,2297,478,1645,174
경기,수원시,교차로횡단보도내,180,1,193,70,108,15
경기,수원시,교차로부근,769,6,1081,160,858,63
경기,수원시,주차장,6,0,7,2,5,0
경기,수원시,기타,174,2,232,52,170,10
경기,수원시,불명,14,0,21,4,14,3
경기,성남시,터널안,35,1,94,24,60,10
경기,성남시,교량위,5,0,6,3,2,1
경기,성남시,고가도로위,14,1,30,6,21,3
경기,성남시,지하차도(도로)내,8,0,16,2,13,1
경기,성남시,기타단일로,1869,17,2965,675,1957,333
경기,성남시,교차로내,855,5,1300,279,903,118
경기,성남시,교차로횡단보도내,117,3,118,49,61,8
경기,성남시,교차로부근,616,4,920,201,648,71
경기,성남시,주차장,16,0,20,4,13,3
경기,성남시,기타,206,1,294,76,183,35
경기,성남시,불명,1,0,1,1,0,0
경기,의정부시,터널안,3,0,7,2,4,1
경기,의정부시,교량위,1,0,1,1,0,0
경기,의정부시,고가도로위,6,0,7,0,7,0
경기,의정부시,지하차도(도로)내,3,0,4,0,4,0
경기,의정부시,기타단일로,684,13,976,222,641,113
경기,의정부시,교차로내,445,2,663,161,428,74
경기,의정부시,교차로횡단보도내,72,4,77,41,28,8
경기,의정부시,교차로부근,220,4,327,53,234,40
경기,의정부시,주차장,5,0,5,0,3,2
경기,의정부시,기타,37,1,41,10,23,8
경기,의정부시,불명,1,0,1,1,0,0
경기,안양시,터널안,6,0,13,3,10,0
경기,안양시,교량위,11,0,15,1,14,0
경기,안양시,고가도로위,5,0,8,4,3,1
경기,안양시,지하차도(도로)내,2,0,2,0,2,0
경기,안양시,기타단일로,692,8,946,222,675,49
경기,안양시,교차로내,465,5,657,209,426,22
경기,안양시,교차로횡단보도내,74,3,75,31,41,3
경기,안양시,교차로부근,362,3,535,121,398,16
경기,안양시,주차장,10,0,10,1,9,0
경기,안양시,기타,66,0,81,21,59,1
경기,부천시,터널안,3,0,4,2,2,0
경기,부천시,교량위,5,1,7,3,4,0
경기,부천시,고가도로위,19,0,47,10,36,1
경기,부천시,지하차도(도로)내,5,0,9,0,8,1
경기,부천시,기타단일로,1301,12,1774,347,1314,113
경기,부천시,교차로내,967,11,1403,314,1009,80
경기,부천시,교차로횡단보도내,138,3,150,69,75,6
경기,부천시,교차로부근,525,6,766,150,574,42
경기,부천시,주차장,5,0,6,0,6,0
경기,부천시,기타,69,0,89,18,70,1
경기,안산시,터널안,5,1,13,5,3,5
경기,안산시,교량위,25,0,41,4,35,2
경기,안산시,고가도로위,10,0,26,8,15,3
경기,안산시,지하차도(도로)내,18,2,34,6,24,4
경기,안산시,기타단일로,1450,20,2111,425,1574,112
경기,안산시,교차로내,1317,14,2092,442,1569,81
경기,안산시,교차로횡단보도내,136,2,150,64,83,3
경기,안산시,교차로부근,630,2,935,140,752,43
경기,안산시,주차장,13,0,16,4,12,0
경기,안산시,기타,129,0,181,47,123,11
경기,평택시,터널안,2,0,8,0,4,4
경기,평택시,교량위,15,0,26,5,20,1
경기,평택시,고가도로위,7,0,10,1,7,2
경기,평택시,지하차도(도로)내,1,0,5,0,5,0
경기,평택시,기타단일로,1125,33,1845,359,1239,247
경기,평택시,교차로내,1142,12,1849,413,1221,215
경기,평택시,교차로횡단보도내,78,6,78,38,36,4
경기,평택시,교차로부근,528,9,869,133,634,102
경기,평택시,주차장,17,0,21,3,17,1
경기,평택시,기타,85,1,116,30,79,7
경기,평택시,불명,1,0,1,0,1,0
경기,광명시,터널안,5,1,10,0,8,2
경기,광명시,교량위,2,0,2,1,0,1
경기,광명시,고가도로위,1,0,1,1,0,0
경기,광명시,지하차도(도로)내,2,0,4,0,4,0
경기,광명시,기타단일로,532,3,789,155,484,150
경기,광명시,교차로내,233,1,368,85,222,61
경기,광명시,교차로횡단보도내,44,1,50,18,29,3
경기,광명시,교차로부근,105,0,164,21,110,33
경기,광명시,주차장,2,0,4,0,3,1
경기,광명시,기타,28,0,34,4,24,6
경기,광명시,불명,1,0,1,1,0,0
경기,구리시,터널안,1,0,1,1,0,0
경기,구리시,고가도로위,1,0,1,0,1,0
경기,구리시,기타단일로,361,8,536,97,404,35
경기,구리시,교차로내,134,0,192,46,129,17
경기,구리시,교차로횡단보도내,21,0,23,7,16,0
경기,구리시,교차로부근,42,0,68,8,58,2
경기,구리시,주차장,3,0,6,1,4,1
경기,구리시,기타,22,0,37,9,23,5
경기,양주시,터널안,8,0,15,5,9,1
경기,양주시,교량위,3,0,8,0,6,2
경기,양주시,고가도로위,3,0,5,2,3,0
경기,양주시,기타단일로,425,8,576,154,403,19
경기,양주시,교차로내,366,4,554,136,400,18
경기,양주시,교차로횡단보도내,21,1,22,15,7,0
경기,양주시,교차로부근,183,2,319,66,241,12
경기,양주시,주차장,17,0,20,2,18,0
경기,양주시,기타,12,0,15,2,12,1
경기,여주시,터널안,4,0,6,2,4,0
경기,여주시,교량위,9,0,13,4,8,1
경기,여주시,고가도로위,23,1,47,11,32,4
경기,여주시,지하차도(도로)내,2,0,2,1,1,0
경기,여주시,기타단일로,203,9,323,89,227,7
경기,여주시,교차로내,179,3,304,71,222,11
경기,여주시,교차로횡단보도내,6,1,5,4,1,0
경기,여주시,교차로부근,79,0,135,31,96,8
경기,여주시,주차장,3,0,5,1,4,0
경기,여주시,기타,36,1,93,15,77,1
경기,화성시,터널안,12,0,36,12,22,2
경기,화성시,교량위,16,0,25,2,23,0
경기,화성시,고가도로위,8,0,17,4,9,4
경기,화성시,지하차도(도로)내,9,0,18,6,12,0
경기,화성시,기타단일로,1297,47,2100,433,1541,126
경기,화성시,교차로내,756,6,1205,262,861,82
경기,화성시,교차로횡단보도내,89,0,100,45,47,8
경기,화성시,교차로부근,389,5,640,130,473,37
경기,화성시,주차장,21,0,26,7,19,0
경기,화성시,기타,135,2,184,43,135,6
경기,시흥시,터널안,3,0,5,1,4,0
경기,시흥시,교량위,18,0,31,6,23,2
경기,시흥시,고가도로위,6,2,20,4,14,2
경기,시흥시,지하차도(도로)내,1,0,1,0,1,0
경기,시흥시,기타단일로,1129,18,1736,331,1258,147
경기,시흥시,교차로내,730,7,1160,281,796,83
경기,시흥시,교차로횡단보도내,43,2,49,27,21,1
경기,시흥시,교차로부근,244,0,369,71,257,41
경기,시흥시,주차장,5,0,6,0,6,0
경기,시흥시,기타,25,0,30,6,19,5
경기,시흥시,불명,1,0,1,0,0,1
경기,파주시,터널안,4,0,7,1,6,0
경기,파주시,교량위,5,0,10,3,6,1
경기,파주시,고가도로위,4,1,9,3,5,1
경기,파주시,지하차도(도로)내,4,1,6,1,5,0
경기,파주시,기타단일로,840,25,1228,265,859,104
경기,파주시,교차로내,508,6,801,177,576,48
경기,파주시,교차로횡단보도내,40,2,40,14,23,3
경기,파주시,교차로부근,245,1,388,69,294,25
경기,파주시,주차장,20,0,25,4,21,0
경기,파주시,기타,19,0,21,6,9,6
경기,파주시,불명,1,0,1,0,0,1
경기,고양시,터널안,4,0,6,2,4,0
경기,고양시,교량위,28,1,56,17,39,0
경기,고양시,고가도로위,11,0,17,4,11,2
경기,고양시,지하차도(도로)내,8,0,11,2,9,0
경기,고양시,기타단일로,1553,24,2374,520,1629,225
경기,고양시,교차로내,1167,10,1837,372,1324,141
경기,고양시,교차로횡단보도내,155,0,167,66,88,13
경기,고양시,교차로부근,534,4,860,133,667,60
경기,고양시,주차장,42,0,52,8,41,3
경기,고양시,기타,91,1,121,36,77,8
경기,광주시,터널안,16,1,44,7,35,2
경기,광주시,교량위,3,0,5,1,4,0
경기,광주시,고가도로위,4,0,10,3,7,0
경기,광주시,지하차도(도로)내,1,0,2,0,2,0
경기,광주시,기타단일로,624,14,920,171,684,65
경기,광주시,교차로내,378,4,618,123,475,20
경기,광주시,교차로횡단보도내,28,1,30,12,17,1
경기,광주시,교차로부근,186,2,312,50,248,14
경기,광주시,주차장,13,0,16,3,13,0
경기,광주시,기타,126,0,193,56,123,14
경기,광주시,불명,15,0,23,7,15,1
경기,연천군,교량위,1,0,2,1,0,1
경기,연천군,기타단일로,88,4,149,46,94,9
경기,연천군,교차로내,94,3,178,60,113,5
경기,연천군,교차로횡단보도내,2,0,2,1,1,0
경기,연천군,교차로부근,29,0,44,15,27,2
경기,연천군,기타,4,0,6,4,2,0
경기,포천시,터널안,1,1,1,0,1,0
경기,포천시,교량위,5,0,8,2,6,0
경기,포천시,기타단일로,477,21,804,217,472,115
경기,포천시,교차로내,240,4,426,105,279,42
경기,포천시,교차로횡단보도내,15,1,14,7,5,2
경기,포천시,교차로부근,130,2,235,43,160,32
경기,포천시,주차장,10,0,11,7,2,2
경기,포천시,기타,15,0,32,8,21,3
경기,가평군,터널안,4,0,14,1,13,0
경기,가평군,교량위,37,2,50,8,38,4
경기,가평군,기타단일로,231,7,418,84,283,51
경기,가평군,교차로내,111,3,195,51,129,15
경기,가평군,교차로횡단보도내,2,0,2,1,1,0
경기,가평군,교차로부근,39,3,74,10,54,10
경기,가평군,주차장,6,0,8,3,5,0
경기,가평군,기타,2,0,2,0,1,1
경기,양평군,터널안,1,0,7,4,3,0
경기,양평군,교량위,7,1,12,1,10,1
경기,양평군,고가도로위,1,0,4,0,4,0
경기,양평군,기타단일로,266,13,412,117,246,49
경기,양평군,교차로내,192,5,293,78,168,47
경기,양평군,교차로횡단보도내,2,0,2,1,1,0
경기,양평군,교차로부근,48,0,76,16,52,8
경기,양평군,주차장,1,0,1,0,1,0
경기,양평군,기타,18,0,28,7,18,3
경기,양평군,불명,3,1,4,1,3,0
경기,이천시,터널안,1,0,1,1,0,0
경기,이천시,교량위,3,0,7,2,4,1
경기,이천시,지하차도(도로)내,1,0,1,0,1,0
경기,이천시,기타단일로,438,18,640,117,477,46
경기,이천시,교차로내,322,5,482,103,363,16
경기,이천시,교차로횡단보도내,11,0,11,5,6,0
경기,이천시,교차로부근,199,9,364,61,286,17
경기,이천시,주차장,13,0,13,9,4,0
경기,이천시,기타,39,1,69,14,45,10
경기,이천시,불명,1,0,2,0,2,0
경기,용인시,터널안,10,0,19,4,15,0
경기,용인시,교량위,9,0,9,6,3,0
경기,용인시,고가도로위,8,0,21,5,14,2
경기,용인시,지하차도(도로)내,8,0,10,1,8,1
경기,용인시,기타단일로,1528,25,2681,576,1701,404
경기,용인시,교차로내,802,8,1312,309,828,175
경기,용인시,교차로횡단보도내,91,5,91,47,39,5
경기,용인시,교차로부근,413,6,645,131,429,85
경기,용인시,주차장,11,0,11,2,6,3
경기,용인시,기타,149,2,223,53,149,21
경기,용인시,불명,3,0,4,1,3,0
경기,안성시,터널안,3,0,10,4,5,1
경기,안성시,교량위,8,0,11,4,7,0
경기,안성시,고가도로위,7,0,15,3,11,1
경기,안성시,기타단일로,476,20,800,187,558,55
경기,안성시,교차로내,338,6,640,140,442,58
경기,안성시,교차로횡단보도내,11,0,11,5,6,0
경기,안성시,교차로부근,122,1,220,42,161,17
경기,안성시,주차장,4,0,4,3,0,1
경기,안성시,기타,27,0,39,17,22,0
경기,안성시,불명,1,0,1,0,1,0
경기,김포시,터널안,7,1,13,4,9,0
경기,김포시,교량위,12,0,22,5,15,2
경기,김포시,고가도로위,2,0,3,1,2,0
경기,김포시,지하차도(도로)내,5,0,8,2,4,2
경기,김포시,기타단일로,642,15,988,245,668,75
경기,김포시,교차로내,542,6,836,222,546,68
경기,김포시,교차로횡단보도내,42,1,45,25,15,5
경기,김포시,교차로부근,169,2,263,56,193,14
경기,김포시,주차장,5,0,7,0,6,1
경기,김포시,기타,88,1,126,33,84,9
경기,김포시,불명,1,0,1,1,0,0
경기,동두천시,기타단일로,165,7,256,77,167,12
경기,동두천시,교차로내,152,1,223,71,135,17
경기,동두천시,교차로횡단보도내,24,1,26,16,9,1
경기,동두천시,교차로부근,24,0,34,8,23,3
경기,동두천시,주차장,4,0,6,3,3,0
경기,동두천시,기타,13,1,14,6,8,0
경기,과천시,교량위,2,0,6,2,4,0
경기,과천시,고가도로위,1,0,1,1,0,0
경기,과천시,지하차도(도로)내,4,0,12,3,6,3
경기,과천시,기타단일로,147,3,273,51,189,33
경기,과천시,교차로내,36,0,67,10,50,7
경기,과천시,교차로부근,22,0,43,10,33,0
경기,과천시,주차장,5,0,6,3,3,0
경기,과천시,기타,10,0,10,2,5,3
경기,군포시,터널안,7,0,9,1,7,1
경기,군포시,교량위,1,1,0,0,0,0
경기,군포시,고가도로위,3,0,3,2,1,0
경기,군포시,지하차도(도로)내,4,0,10,1,8,1
경기,군포시,기타단일로,368,7,536,113,359,64
경기,군포시,교차로내,202,2,313,75,201,37
경기,군포시,교차로횡단보도내,16,4,12,7,4,1
경기,군포시,교차로부근,77,0,119,25,76,18
경기,군포시,주차장,4,0,4,0,3,1
경기,군포시,기타,16,0,20,2,17,1
경기,남양주시,터널안,20,0,42,11,26,5
경기,남양주시,교량위,10,0,23,3,19,1
경기,남양주시,고가도로위,2,1,8,1,4,3
경기,남양주시,지하차도(도로)내,3,0,7,0,7,0
경기,남양주시,기타단일로,1038,18,1580,308,1101,171
경기,남양주시,교차로내,599,6,979,212,690,77
경기,남양주시,교차로횡단보도내,73,2,79,29,46,4
경기,남양주시,교차로부근,316,5,483,70,390,23
경기,남양주시,주차장,27,0,34,7,23,4
경기,남양주시,기타,210,4,313,79,211,23
경기,남양주시,불명,5,0,6,1,4,1
경기,오산시,터널안,1,0,1,0,1,0
경기,오산시,교량위,2,0,6,2,4,0
경기,오산시,고가도로위,2,0,7,2,5,0
경기,오산시,지하차도(도로)내,3,0,4,0,4,0
경기,오산시,기타단일로,343,7,538,124,366,48
경기,오산시,교차로내,323,4,503,133,324,46
경기,오산시,교차로횡단보도내,41,2,45,29,15,1
경기,오산시,교차로부근,123,0,198,39,138,21
경기,오산시,주차장,2,0,6,0,5,1
경기,오산시,기타,26,0,30,5,21,4
경기,의왕시,고가도로위,2,0,3,0,3,0
경기,의왕시,지하차도(도로)내,3,0,5,2,3,0
경기,의왕시,기타단일로,238,3,382,77,264,41
경기,의왕시,교차로내,100,0,161,45,107,9
경기,의왕시,교차로횡단보도내,21,1,20,12,6,2
경기,의왕시,교차로부근,99,1,141,29,100,12
경기,의왕시,주차장,1,0,1,0,1,0
경기,의왕시,기타,6,0,8,2,2,4
경기,하남시,터널안,3,0,8,1,6,1
경기,하남시,교량위,1,0,1,0,1,0
경기,하남시,고가도로위,1,0,2,0,2,0
경기,하남시,지하차도(도로)내,2,1,1,0,1,0
경기,하남시,기타단일로,370,10,551,113,372,66
경기,하남시,교차로내,192,2,307,60,220,27
경기,하남시,교차로횡단보도내,29,1,33,9,20,4
경기,하남시,교차로부근,126,0,193,45,124,24
경기,하남시,주차장,2,0,2,0,2,0
경기,하남시,기타,40,0,58,11,42,5
강원,춘천시,터널안,9,0,24,1,21,2
강원,춘천시,교량위,10,0,36,2,34,0
강원,춘천시,지하차도(도로)내,2,0,2,0,1,1
강원,춘천시,기타단일로,760,24,1143,199,874,70
강원,춘천시,교차로내,580,2,963,131,765,67
강원,춘천시,교차로횡단보도내,66,1,69,21,45,3
강원,춘천시,교차로부근,238,4,392,43,323,26
강원,춘천시,주차장,5,0,6,0,6,0
강원,춘천시,기타,16,1,15,3,9,3
강원,원주시,터널안,5,1,8,2,5,1
강원,원주시,교량위,5,1,23,14,9,0
강원,원주시,고가도로위,4,0,8,3,4,1
강원,원주시,지하차도(도로)내,1,0,1,0,0,1
강원,원주시,기타단일로,954,24,1488,316,1086,86
강원,원주시,교차로내,772,7,1293,242,969,82
강원,원주시,교차로횡단보도내,51,1,56,27,23,6
강원,원주시,교차로부근,353,1,580,101,447,32
강원,원주시,주차장,28,0,29,3,24,2
강원,원주시,기타,31,0,35,8,19,8
강원,원주시,불명,1,0,1,1,0,0
강원,동해시,교량위,3,0,6,1,5,0
강원,동해시,기타단일로,187,3,277,73,199,5
강원,동해시,교차로내,157,2,249,38,210,1
강원,동해시,교차로횡단보도내,12,0,12,6,6,0
강원,동해시,교차로부근,85,2,120,28,92,0
강원,동해시,주차장,5,0,5,2,3,0
강원,동해시,기타,2,0,4,0,4,0
강원,강릉시,터널안,4,0,9,2,7,0
강원,강릉시,교량위,3,1,6,4,2,0
강원,강릉시,기타단일로,455,11,715,136,570,9
강원,강릉시,교차로내,354,6,585,109,472,4
강원,강릉시,교차로횡단보도내,32,2,31,16,15,0
강원,강릉시,교차로부근,164,6,267,55,210,2
강원,강릉시,주차장,9,0,11,3,8,0
강원,강릉시,기타,7,0,8,2,6,0
강원,속초시,교량위,1,0,1,0,1,0
강원,속초시,지하차도(도로)내,11,0,16,2,14,0
강원,속초시,기타단일로,143,2,214,49,162,3
강원,속초시,교차로내,182,1,303,57,241,5
강원,속초시,교차로횡단보도내,12,0,12,6,6,0
강원,속초시,교차로부근,74,1,153,27,123,3
강원,속초시,주차장,17,0,17,3,14,0
강원,속초시,기타,20,1,32,6,22,4
강원,태백시,기타단일로,71,5,116,29,77,10
강원,태백시,교차로내,60,0,116,14,94,8
강원,태백시,교차로횡단보도내,3,0,3,1,2,0
강원,태백시,교차로부근,17,0,22,4,18,0
강원,태백시,주차장,4,1,4,1,3,0
강원,태백시,기타,1,0,1,1,0,0
강원,삼척시,터널안,5,0,13,5,8,0
강원,삼척시,교량위,3,2,9,4,5,0
강원,삼척시,지하차도(도로)내,1,0,1,0,1,0
강원,삼척시,기타단일로,188,8,302,85,204,13
강원,삼척시,교차로내,108,0,182,36,143,3
강원,삼척시,교차로횡단보도내,9,0,10,6,4,0
강원,삼척시,교차로부근,35,0,74,15,58,1
강원,삼척시,주차장,1,0,1,1,0,0
강원,삼척시,기타,13,0,21,8,13,0
강원,홍천군,터널안,3,2,11,4,7,0
강원,홍천군,교량위,5,0,12,3,7,2
강원,홍천군,고가도로위,1,0,1,1,0,0
강원,홍천군,지하차도(도로)내,1,0,1,0,1,0
강원,홍천군,기타단일로,191,8,322,98,216,8
강원,홍천군,교차로내,114,1,171,42,121,8
강원,홍천군,교차로횡단보도내,5,0,5,3,2,0
강원,홍천군,교차로부근,28,1,42,7,34,1
강원,홍천군,주차장,7,1,9,6,3,0
강원,홍천군,기타,1,0,1,0,1,0
강원,횡성군,터널안,4,0,22,5,15,2
강원,횡성군,교량위,1,0,1,0,1,0
강원,횡성군,기타단일로,107,9,180,64,109,7
강원,횡성군,교차로내,49,2,68,24,37,7
강원,횡성군,교차로횡단보도내,1,0,1,1,0,0
강원,횡성군,교차로부근,6,0,9,1,7,1
강원,횡성군,주차장,4,0,4,1,1,2
강원,횡성군,기타,10,1,10,5,4,1
강원,영월군,터널안,6,0,16,3,4,9
강원,영월군,교량위,6,0,9,3,2,4
강원,영월군,지하차도(도로)내,1,0,2,0,2,0
강원,영월군,기타단일로,98,7,157,52,57,48
강원,영월군,교차로내,58,1,94,17,37,40
강원,영월군,교차로횡단보도내,2,1,1,1,0,0
강원,영월군,교차로부근,5,0,6,3,2,1
강원,영월군,주차장,3,0,6,0,3,3
강원,영월군,기타,4,0,8,1,4,3
강원,평창군,터널안,11,0,25,2,23,0
강원,평창군,교량위,5,0,23,9,13,1
강원,평창군,기타단일로,184,21,434,133,279,22
강원,평창군,교차로내,74,1,142,30,110,2
강원,평창군,교차로횡단보도내,1,0,1,0,1,0
강원,평창군,교차로부근,6,0,12,2,7,3
강원,평창군,주차장,1,0,2,0,2,0
강원,평창군,기타,7,0,11,6,5,0
강원,정선군,터널안,2,0,6,0,5,1
강원,정선군,교량위,1,0,2,2,0,0
강원,정선군,고가도로위,2,0,3,1,2,0
강원,정선군,기타단일로,116,9,182,63,116,3
강원,정선군,교차로내,44,0,69,16,52,1
강원,정선군,교차로부근,12,0,17,2,15,0
강원,정선군,주차장,7,0,10,3,6,1
강원,정선군,기타,5,0,7,4,3,0
강원,철원군,터널안,1,0,1,0,1,0
강원,철원군,교량위,2,1,1,0,0,1
강원,철원군,기타단일로,77,12,99,49,46,4
강원,철원군,교차로내,74,1,145,73,72,0
강원,철원군,교차로횡단보도내,1,0,1,1,0,0
강원,철원군,교차로부근,15,0,28,12,16,0
강원,철원군,주차장,2,0,2,1,1,0
강원,철원군,기타,3,1,2,1,1,0
강원,화천군,터널안,2,0,2,0,2,0
강원,화천군,교량위,2,0,3,0,3,0
강원,화천군,기타단일로,57,2,85,35,50,0
강원,화천군,교차로내,18,0,38,6,32,0
강원,화천군,교차로부근,3,0,3,2,1,0
강원,화천군,주차장,2,0,2,1,1,0
강원,화천군,기타,1,0,1,1,0,0
강원,양구군,터널안,3,1,6,2,3,1
강원,양구군,기타단일로,36,3,59,15,37,7
강원,양구군,교차로내,30,0,57,17,38,2
강원,양구군,교차로횡단보도내,1,0,1,1,0,0
강원,양구군,교차로부근,11,0,15,4,11,0
강원,양구군,주차장,3,0,3,1,2,0
강원,양구군,기타,7,1,6,3,3,0
강원,인제군,터널안,7,0,19,7,5,7
강원,인제군,교량위,5,1,12,5,7,0
강원,인제군,기타단일로,65,8,126,52,71,3
강원,인제군,교차로내,30,0,63,16,38,9
강원,인제군,교차로횡단보도내,3,0,3,1,2,0
강원,인제군,교차로부근,29,3,55,16,38,1
강원,인제군,주차장,1,0,1,1,0,0
강원,인제군,기타,7,0,21,7,10,4
강원,고성군,터널안,1,0,2,2,0,0
강원,고성군,교량위,1,0,1,1,0,0
강원,고성군,지하차도(도로)내,1,0,2,0,2,0
강원,고성군,기타단일로,29,0,47,12,34,1
강원,고성군,교차로내,30,1,47,9,35,3
강원,고성군,교차로횡단보도내,1,0,1,0,1,0
강원,고성군,교차로부근,18,0,33,4,19,10
강원,고성군,기타,26,4,35,9,23,3
강원,양양군,터널안,1,0,1,1,0,0
강원,양양군,교량위,2,0,4,1,2,1
강원,양양군,고가도로위,1,0,1,1,0,0
강원,양양군,지하차도(도로)내,6,0,8,2,6,0
강원,양양군,기타단일로,66,6,125,32,88,5
강원,양양군,교차로내,49,2,87,23,60,4
강원,양양군,교차로부근,21,0,37,5,32,0
강원,양양군,주차장,7,0,7,0,7,0
강원,양양군,기타,10,3,19,8,10,1
충북,청주시,터널안,2,0,6,0,5,1
충북,청주시,교량위,12,1,17,2,13,2
충북,청주시,고가도로위,8,0,11,2,9,0
충북,청주시,지하차도(도로)내,2,0,4,0,3,1
충북,청주시,기타단일로,1852,33,2848,565,2199,84
충북,청주시,교차로내,1667,16,2767,591,2095,81
충북,청주시,교차로횡단보도내,205,8,212,92,117,3
충북,청주시,교차로부근,1001,9,1658,268,1341,49
충북,청주시,주차장,25,0,29,5,23,1
충북,청주시,기타,57,0,80,21,55,4
충북,청주시,불명,1,0,1,0,1,0
충북,충주시,터널안,4,1,15,4,11,0
충북,충주시,교량위,4,0,8,3,4,1
충북,충주시,고가도로위,1,0,2,1,0,1
충북,충주시,기타단일로,499,23,814,191,543,80
충북,충주시,교차로내,483,10,807,186,529,92
충북,충주시,교차로횡단보도내,29,1,31,12,17,2
충북,충주시,교차로부근,206,7,346,63,254,29
충북,충주시,주차장,8,0,10,4,5,1
충북,충주시,철길건널목,1,0,2,0,2,0
충북,충주시,기타,30,1,76,24,47,5
충북,제천시,터널안,1,0,1,0,1,0
충북,제천시,교량위,5,0,17,5,12,0
충북,제천시,기타단일로,267,6,469,122,304,43
충북,제천시,교차로내,371,3,692,168,493,31
충북,제천시,교차로횡단보도내,33,0,40,18,20,2
충북,제천시,교차로부근,162,3,272,44,214,14
충북,제천시,주차장,9,0,12,3,9,0
충북,제천시,기타,101,1,164,37,120,7
충북,보은군,터널안,1,0,1,1,0,0
충북,보은군,교량위,1,1,1,0,0,1
충북,보은군,기타단일로,60,11,88,31,52,5
충북,보은군,교차로내,67,5,108,41,65,2
충북,보은군,교차로부근,10,2,10,5,3,2
충북,보은군,주차장,1,0,1,1,0,0
충북,보은군,기타,5,0,9,4,5,0
충북,옥천군,터널안,1,0,1,1,0,0
충북,옥천군,지하차도(도로)내,1,0,1,1,0,0
충북,옥천군,기타단일로,99,7,156,69,85,2
충북,옥천군,교차로내,90,3,147,56,88,3
충북,옥천군,교차로횡단보도내,5,0,7,5,2,0
충북,옥천군,교차로부근,22,0,34,10,22,2
충북,옥천군,주차장,3,0,4,0,4,0
충북,옥천군,기타,1,0,1,1,0,0
충북,영동군,교량위,1,0,1,1,0,0
충북,영동군,기타단일로,91,7,141,61,75,5
충북,영동군,교차로내,68,2,99,37,55,7
충북,영동군,교차로횡단보도내,5,1,4,2,2,0
충북,영동군,교차로부근,15,1,15,4,10,1
충북,영동군,기타,11,1,14,4,10,0
충북,진천군,터널안,6,0,26,6,20,0
충북,진천군,교량위,2,0,2,1,1,0
충북,진천군,기타단일로,209,13,325,94,229,2
충북,진천군,교차로내,215,1,326,89,236,1
충북,진천군,교차로횡단보도내,11,1,12,7,5,0
충북,진천군,교차로부근,55,1,98,19,79,0
충북,진천군,주차장,3,1,2,0,2,0
충북,진천군,기타,15,0,36,4,31,1
충북,괴산군,터널안,6,0,9,1,8,0
충북,괴산군,교량위,1,0,1,0,1,0
충북,괴산군,기타단일로,102,14,150,52,88,10
충북,괴산군,교차로내,63,0,151,40,103,8
충북,괴산군,교차로횡단보도내,3,0,3,3,0,0
충북,괴산군,교차로부근,14,1,17,8,8,1
충북,괴산군,주차장,1,0,1,0,0,1
충북,괴산군,기타,5,0,5,2,3,0
충북,음성군,교량위,1,1,0,0,0,0
충북,음성군,기타단일로,285,12,490,145,338,7
충북,음성군,교차로내,257,4,492,144,343,5
충북,음성군,교차로횡단보도내,6,0,6,3,3,0
충북,음성군,교차로부근,58,4,88,30,58,0
충북,음성군,주차장,8,0,9,2,7,0
충북,음성군,기타,9,0,36,8,28,0
충북,단양군,터널안,1,0,6,2,4,0
충북,단양군,교량위,2,0,7,1,6,0
충북,단양군,기타단일로,86,5,197,56,130,11
충북,단양군,교차로내,42,2,72,32,36,4
충북,단양군,교차로횡단보도내,1,0,1,0,1,0
충북,단양군,교차로부근,6,1,7,0,7,0
충북,단양군,주차장,2,0,2,0,2,0
충북,단양군,기타,3,1,3,0,3,0
충북,증평군,터널안,1,0,1,1,0,0
충북,증평군,교량위,1,0,2,0,2,0
충북,증평군,기타단일로,41,2,57,17,38,2
충북,증평군,교차로내,103,2,162,45,107,10
충북,증평군,교차로횡단보도내,7,0,8,1,7,0
충북,증평군,교차로부근,37,0,71,16,49,6
충북,증평군,주차장,1,0,1,0,1,0
충남,천안시,터널안,18,0,55,15,40,0
충남,천안시,교량위,6,0,11,3,8,0
충남,천안시,고가도로위,13,1,21,7,14,0
충남,천안시,지하차도(도로)내,8,0,18,1,16,1
충남,천안시,기타단일로,1384,34,2026,457,1478,91
충남,천안시,교차로내,819,8,1283,298,937,48
충남,천안시,교차로횡단보도내,57,0,58,19,37,2
충남,천안시,교차로부근,395,5,620,104,497,19
충남,천안시,주차장,15,0,19,2,15,2
충남,천안시,기타,61,1,84,16,62,6
충남,아산시,터널안,1,0,5,2,3,0
충남,아산시,교량위,3,1,2,1,1,0
충남,아산시,고가도로위,3,0,6,2,4,0
충남,아산시,기타단일로,485,28,657,181,454,22
충남,아산시,교차로내,340,11,518,147,344,27
충남,아산시,교차로횡단보도내,41,4,41,21,20,0
충남,아산시,교차로부근,97,2,140,33,103,4
충남,아산시,주차장,4,0,5,1,4,0
충남,아산시,기타,35,1,58,18,39,1
충남,아산시,불명,29,4,39,15,24,0
충남,보령시,터널안,2,0,6,3,3,0
충남,보령시,교량위,3,0,7,3,4,0
충남,보령시,고가도로위,1,0,2,1,1,0
충남,보령시,기타단일로,211,17,293,141,150,2
충남,보령시,교차로내,128,6,214,70,143,1
충남,보령시,교차로횡단보도내,23,0,24,17,6,1
충남,보령시,교차로부근,59,1,90,24,66,0
충남,보령시,주차장,5,0,13,3,10,0
충남,보령시,기타,14,0,16,3,13,0
충남,공주시,터널안,5,3,16,2,14,0
충남,공주시,교량위,13,1,27,10,15,2
충남,공주시,고가도로위,1,0,2,0,2,0
충남,공주시,지하차도(도로)내,2,0,2,0,2,0
충남,공주시,기타단일로,277,13,462,150,277,35
충남,공주시,교차로내,165,5,329,86,230,13
충남,공주시,교차로횡단보도내,12,2,13,8,4,1
충남,공주시,교차로부근,80,1,133,32,97,4
충남,공주시,주차장,8,0,15,2,12,1
충남,공주시,기타,35,1,48,14,34,0
충남,서산시,교량위,2,0,5,3,2,0
충남,서산시,기타단일로,347,21,501,218,263,20
충남,서산시,교차로내,283,3,421,168,239,14
충남,서산시,교차로횡단보도내,24,2,22,11,9,2
충남,서산시,교차로부근,104,4,160,48,100,12
충남,서산시,주차장,6,0,7,5,2,0
충남,서산시,기타,8,0,9,2,5,2
충남,금산군,교량위,3,0,5,2,3,0
충남,금산군,기타단일로,107,9,154,63,89,2
충남,금산군,교차로내,90,2,146,45,100,1
충남,금산군,교차로횡단보도내,9,0,12,4,8,0
충남,금산군,교차로부근,18,0,28,9,18,1
충남,금산군,기타,5,1,11,0,11,0
충남,태안군,교량위,5,0,18,5,12,1
충남,태안군,기타단일로,176,10,280,118,146,16
충남,태안군,교차로내,134,2,230,95,126,9
충남,태안군,교차로횡단보도내,4,1,4,2,2,0
충남,태안군,교차로부근,40,1,71,27,34,10
충남,태안군,주차장,7,0,12,5,7,0
충남,태안군,기타,4,0,5,1,3,1
충남,논산시,교량위,5,4,5,4,1,0
충남,논산시,고가도로위,1,1,1,0,1,0
충남,논산시,기타단일로,251,18,379,172,195,12
충남,논산시,교차로내,212,6,345,151,183,11
충남,논산시,교차로횡단보도내,22,1,24,21,3,0
충남,논산시,교차로부근,87,4,135,51,83,1
충남,논산시,주차장,2,0,2,0,2,0
충남,논산시,기타,1,0,1,1,0,0
충남,부여군,터널안,1,0,1,0,1,0
충남,부여군,교량위,3,1,2,1,1,0
충남,부여군,고가도로위,2,0,3,2,1,0
충남,부여군,기타단일로,122,7,159,96,61,2
충남,부여군,교차로내,74,3,94,46,48,0
충남,부여군,교차로횡단보도내,5,0,5,3,2,0
충남,부여군,교차로부근,17,1,20,9,11,0
충남,부여군,주차장,1,0,1,0,1,0
충남,부여군,기타,3,0,3,2,1,0
충남,서천군,터널안,1,0,1,1,0,0
충남,서천군,교량위,2,0,2,0,1,1
충남,서천군,기타단일로,137,9,200,76,115,9
충남,서천군,교차로내,163,6,275,91,177,7
충남,서천군,교차로횡단보도내,9,0,9,3,6,0
충남,서천군,교차로부근,36,1,62,13,46,3
충남,서천군,주차장,7,0,9,3,6,0
충남,서천군,기타,6,0,7,0,7,0
충남,청양군,터널안,1,0,1,0,1,0
충남,청양군,교량위,1,0,2,1,1,0
충남,청양군,기타단일로,110,5,173,75,95,3
충남,청양군,교차로내,61,4,108,28,80,0
충남,청양군,교차로횡단보도내,1,0,1,0,1,0
충남,청양군,교차로부근,31,2,51,19,32,0
충남,청양군,기타,1,0,3,1,2,0
충남,홍성군,터널안,1,0,5,2,3,0
충남,홍성군,기타단일로,172,10,240,93,146,1
충남,홍성군,교차로내,156,3,232,73,159,0
충남,홍성군,교차로횡단보도내,1,0,1,1,0,0
충남,홍성군,교차로부근,30,0,50,5,45,0
충남,홍성군,주차장,5,0,6,3,3,0
충남,홍성군,철길건널목,1,1,0,0,0,0
충남,홍성군,기타,4,0,4,0,4,0
충남,예산군,터널안,2,1,1,1,0,0
충남,예산군,교량위,7,1,13,4,8,1
충남,예산군,기타단일로,173,17,247,83,161,3
충남,예산군,교차로내,130,3,241,77,160,4
충남,예산군,교차로횡단보도내,5,0,5,3,2,0
충남,예산군,교차로부근,50,2,82,32,49,1
충남,예산군,주차장,1,0,1,0,1,0
충남,예산군,기타,4,0,4,4,0,0
충남,당진시,교량위,12,0,95,50,43,2
충남,당진시,기타단일로,390,27,618,204,391,23
충남,당진시,교차로내,258,1,421,127,275,19
충남,당진시,교차로횡단보도내,29,1,31,14,14,3
충남,당진시,교차로부근,104,4,167,55,105,7
충남,당진시,주차장,5,0,5,1,3,1
충남,당진시,기타,19,0,26,10,16,0
충남,계룡시,기타단일로,19,0,27,8,18,1
충남,계룡시,교차로내,37,1,53,16,36,1
충남,계룡시,교차로횡단보도내,4,0,4,1,3,0
충남,계룡시,교차로부근,11,0,15,1,14,0
충남,계룡시,주차장,1,0,1,1,0,0
전북,전주시,터널안,3,0,7,0,7,0
전북,전주시,교량위,4,0,8,1,7,0
전북,전주시,지하차도(도로)내,1,1,1,1,0,0
전북,전주시,기타단일로,984,23,1508,284,1205,19
전북,전주시,교차로내,878,16,1441,288,1140,13
전북,전주시,교차로횡단보도내,135,4,141,56,85,0
전북,전주시,교차로부근,361,8,618,93,498,27
전북,전주시,주차장,2,0,3,0,3,0
전북,전주시,기타,62,2,83,13,70,0
전북,전주시,불명,1,0,1,1,0,0
전북,군산시,터널안,1,0,1,0,1,0
전북,군산시,교량위,4,0,6,4,2,0
전북,군산시,지하차도(도로)내,23,0,36,5,31,0
전북,군산시,기타단일로,441,17,624,125,483,16
전북,군산시,교차로내,519,9,768,140,606,22
전북,군산시,교차로횡단보도내,49,2,48,23,22,3
전북,군산시,교차로부근,198,3,327,58,261,8
전북,군산시,주차장,5,0,5,2,2,1
전북,군산시,기타,23,0,25,6,19,0
전북,군산시,불명,3,0,3,1,2,0
전북,정읍시,터널안,3,0,6,0,6,0
전북,정읍시,교량위,5,0,9,6,3,0
전북,정읍시,기타단일로,272,13,397,120,272,5
전북,정읍시,교차로내,338,6,558,106,447,5
전북,정읍시,교차로횡단보도내,14,1,16,4,12,0
전북,정읍시,교차로부근,87,4,127,26,96,5
전북,정읍시,주차장,3,0,3,2,1,0
전북,정읍시,기타,11,3,12,4,7,1
전북,정읍시,불명,1,0,1,1,0,0
전북,남원시,터널안,3,1,2,0,2,0
전북,남원시,교량위,3,0,3,2,1,0
전북,남원시,기타단일로,113,14,162,56,106,0
전북,남원시,교차로내,119,5,169,52,117,0
전북,남원시,교차로횡단보도내,16,1,17,5,12,0
전북,남원시,교차로부근,29,3,32,11,21,0
전북,남원시,주차장,3,0,3,2,1,0
전북,남원시,기타,6,1,9,1,8,0
전북,김제시,교량위,2,0,2,0,2,0
전북,김제시,기타단일로,242,13,418,106,307,5
전북,김제시,교차로내,214,5,319,87,231,1
전북,김제시,교차로횡단보도내,9,1,10,2,8,0
전북,김제시,교차로부근,59,3,103,22,81,0
전북,김제시,기타,4,2,2,1,1,0
전북,완주군,터널안,1,0,1,0,0,1
전북,완주군,교량위,3,2,2,0,2,0
전북,완주군,고가도로위,1,0,1,0,0,1
전북,완주군,기타단일로,116,14,168,56,112,0
전북,완주군,교차로내,73,4,110,32,77,1
전북,완주군,교차로횡단보도내,9,1,10,3,7,0
전북,완주군,교차로부근,29,2,42,9,32,1
전북,완주군,주차장,1,0,1,1,0,0
전북,완주군,기타,2,1,3,1,2,0
전북,진안군,터널안,1,0,1,1,0,0
전북,진안군,지하차도(도로)내,2,0,3,1,2,0
전북,진안군,기타단일로,31,5,39,21,18,0
전북,진안군,교차로내,16,2,37,12,25,0
전북,진안군,교차로부근,10,2,12,2,10,0
전북,무주군,교량위,2,0,5,2,2,1
전북,무주군,기타단일로,64,9,124,41,83,0
전북,무주군,교차로내,48,0,82,22,59,1
전북,무주군,교차로횡단보도내,1,0,1,1,0,0
전북,무주군,교차로부근,12,1,35,17,18,0
전북,무주군,주차장,1,0,1,1,0,0
전북,무주군,기타,3,0,3,0,3,0
전북,장수군,터널안,1,1,1,1,0,0
전북,장수군,기타단일로,22,7,26,14,11,1
전북,장수군,교차로내,21,2,27,12,14,1
전북,장수군,교차로부근,7,0,13,3,9,1
전북,장수군,기타,8,0,10,9,1,0
전북,임실군,교량위,2,0,3,0,3,0
전북,임실군,기타단일로,47,5,86,40,46,0
전북,임실군,교차로내,35,1,55,22,33,0
전북,임실군,교차로부근,12,2,15,6,9,0
전북,임실군,주차장,1,0,1,0,1,0
전북,임실군,기타,2,0,3,1,2,0
전북,순창군,교량위,4,2,7,2,5,0
전북,순창군,기타단일로,80,8,108,37,70,1
전북,순창군,교차로내,54,3,85,22,63,0
전북,순창군,교차로횡단보도내,1,0,1,0,1,0
전북,순창군,교차로부근,9,0,13,5,8,0
전북,순창군,주차장,2,1,3,2,1,0
전북,순창군,기타,4,0,4,2,1,1
전북,고창군,기타단일로,77,13,120,56,63,1
전북,고창군,교차로내,67,3,112,38,71,3
전북,고창군,교차로횡단보도내,6,0,6,3,3,0
전북,고창군,교차로부근,21,1,26,13,12,1
전북,고창군,주차장,1,0,1,1,0,0
전북,고창군,기타,3,0,6,0,6,0
전북,부안군,기타단일로,142,4,243,81,161,1
전북,부안군,교차로내,123,5,241,72,169,0
전북,부안군,교차로횡단보도내,6,0,6,6,0,0
전북,부안군,교차로부근,44,3,82,23,59,0
전북,부안군,주차장,3,0,3,1,2,0
전북,부안군,기타,9,0,12,2,10,0
전북,익산시,교량위,3,0,6,1,5,0
전북,익산시,고가도로위,2,0,2,0,2,0
전북,익산시,기타단일로,540,23,789,177,607,5
전북,익산시,교차로내,466,6,757,159,593,5
전북,익산시,교차로횡단보도내,81,8,92,41,51,0
전북,익산시,교차로부근,147,5,249,38,209,2
전북,익산시,주차장,4,0,5,1,4,0
전북,익산시,기타,12,0,14,1,13,0
전남,목포시,터널안,6,0,15,0,15,0
전남,목포시,교량위,4,0,10,1,9,0
전남,목포시,고가도로위,2,0,2,1,1,0
전남,목포시,기타단일로,692,16,1078,192,872,14
전남,목포시,교차로내,463,1,830,118,703,9
전남,목포시,교차로횡단보도내,52,3,57,29,28,0
전남,목포시,교차로부근,187,2,308,31,273,4
전남,목포시,주차장,11,0,13,3,10,0
전남,목포시,기타,41,1,58,7,50,1
전남,여수시,터널안,7,0,16,5,10,1
전남,여수시,교량위,9,1,28,3,25,0
전남,여수시,고가도로위,2,0,11,1,9,1
전남,여수시,기타단일로,651,33,908,238,645,25
전남,여수시,교차로내,471,7,799,129,657,13
전남,여수시,교차로횡단보도내,27,3,25,11,13,1
전남,여수시,교차로부근,192,3,300,64,232,4
전남,여수시,주차장,16,1,20,3,16,1
전남,여수시,기타,10,0,12,4,8,0
전남,순천시,터널안,7,0,15,3,11,1
전남,순천시,교량위,7,0,15,3,11,1
전남,순천시,지하차도(도로)내,2,0,4,2,2,0
전남,순천시,기타단일로,571,15,870,204,611,55
전남,순천시,교차로내,468,6,736,188,510,38
전남,순천시,교차로횡단보도내,45,1,47,24,21,2
전남,순천시,교차로부근,217,4,372,67,287,18
전남,순천시,주차장,13,0,13,2,10,1
전남,순천시,기타,19,1,22,3,18,1
전남,나주시,교량위,6,0,6,1,4,1
전남,나주시,고가도로위,5,0,11,2,9,0
전남,나주시,기타단일로,299,13,437,106,300,31
전남,나주시,교차로내,235,7,490,94,365,31
전남,나주시,교차로횡단보도내,15,0,18,4,14,0
전남,나주시,교차로부근,78,6,115,11,104,0
전남,나주시,주차장,5,0,5,1,4,0
전남,나주시,기타,8,0,15,5,8,2
전남,광양시,교량위,3,0,5,0,4,1
전남,광양시,고가도로위,1,0,1,0,1,0
전남,광양시,기타단일로,226,7,320,82,224,14
전남,광양시,교차로내,294,3,528,98,410,20
전남,광양시,교차로횡단보도내,20,0,24,11,12,1
전남,광양시,교차로부근,121,0,209,36,169,4
전남,광양시,주차장,9,0,10,1,9,0
전남,광양시,기타,9,0,10,3,7,0
전남,담양군,교량위,4,1,5,2,3,0
전남,담양군,기타단일로,140,13,185,55,129,1
전남,담양군,교차로내,102,5,188,33,155,0
전남,담양군,교차로횡단보도내,4,0,7,3,4,0
전남,담양군,교차로부근,45,0,72,11,61,0
전남,담양군,주차장,3,0,6,0,5,1
전남,담양군,기타,2,0,3,1,2,0
전남,곡성군,기타단일로,63,8,93,32,60,1
전남,곡성군,교차로내,57,3,94,26,63,5
전남,곡성군,교차로부근,21,2,32,11,20,1
전남,곡성군,주차장,1,0,1,1,0,0
전남,곡성군,기타,8,1,11,3,7,1
전남,구례군,터널안,1,0,1,1,0,0
전남,구례군,교량위,3,0,11,0,11,0
전남,구례군,기타단일로,64,5,110,37,71,2
전남,구례군,교차로내,46,1,77,20,54,3
전남,구례군,교차로부근,17,0,26,10,16,0
전남,구례군,주차장,1,0,1,0,1,0
전남,구례군,기타,1,0,1,0,1,0
전남,고흥군,교량위,2,0,2,2,0,0
전남,고흥군,기타단일로,202,10,306,119,182,5
전남,고흥군,교차로내,114,5,179,63,112,4
전남,고흥군,교차로횡단보도내,2,0,2,1,1,0
전남,고흥군,교차로부근,13,1,16,6,10,0
전남,고흥군,기타,2,0,2,0,2,0
전남,보성군,터널안,3,1,3,1,2,0
전남,보성군,지하차도(도로)내,1,0,1,0,0,1
전남,보성군,기타단일로,146,17,213,73,126,14
전남,보성군,교차로내,54,3,76,17,56,3
전남,보성군,교차로횡단보도내,1,0,1,1,0,0
전남,보성군,교차로부근,30,2,38,13,23,2
전남,보성군,주차장,1,0,1,1,0,0
전남,보성군,기타,4,1,3,1,2,0
전남,화순군,터널안,5,0,10,2,7,1
전남,화순군,교량위,3,1,12,2,9,1
전남,화순군,고가도로위,2,0,2,1,1,0
전남,화순군,기타단일로,126,8,246,64,161,21
전남,화순군,교차로내,102,2,169,35,123,11
전남,화순군,교차로횡단보도내,8,2,16,10,6,0
전남,화순군,교차로부근,30,0,49,9,28,12
전남,화순군,주차장,5,0,5,1,4,0
전남,화순군,기타,3,0,3,0,2,1
전남,장흥군,터널안,5,0,6,0,6,0
전남,장흥군,지하차도(도로)내,1,0,1,1,0,0
전남,장흥군,기타단일로,111,6,147,50,94,3
전남,장흥군,교차로내,121,5,186,44,130,12
전남,장흥군,교차로부근,18,0,24,5,17,2
전남,장흥군,주차장,3,0,3,1,2,0
전남,장흥군,기타,4,0,6,1,5,0
전남,강진군,교량위,1,1,2,2,0,0
전남,강진군,고가도로위,1,0,2,2,0,0
전남,강진군,기타단일로,156,6,246,63,173,10
전남,강진군,교차로내,94,1,181,35,138,8
전남,강진군,교차로횡단보도내,3,0,4,0,4,0
전남,강진군,교차로부근,20,3,33,4,29,0
전남,강진군,주차장,4,0,9,2,7,0
전남,강진군,기타,2,0,3,0,3,0
전남,해남군,터널안,2,0,4,1,3,0
전남,해남군,교량위,2,0,2,2,0,0
전남,해남군,고가도로위,1,0,2,1,1,0
전남,해남군,기타단일로,215,16,344,104,227,13
전남,해남군,교차로내,112,3,208,51,156,1
전남,해남군,교차로부근,40,3,77,16,55,6
전남,해남군,주차장,3,0,7,0,7,0
전남,해남군,기타,14,0,15,5,9,1
전남,영암군,교량위,4,0,4,0,4,0
전남,영암군,고가도로위,1,0,1,0,1,0
전남,영암군,기타단일로,143,12,227,49,176,2
전남,영암군,교차로내,142,4,316,66,246,4
전남,영암군,교차로횡단보도내,6,0,7,3,4,0
전남,영암군,교차로부근,82,2,145,25,118,2
전남,영암군,주차장,7,1,10,2,8,0
전남,영암군,기타,4,0,4,3,1,0
전남,무안군,터널안,2,1,6,0,6,0
전남,무안군,교량위,1,0,2,1,1,0
전남,무안군,지하차도(도로)내,1,0,4,0,4,0
전남,무안군,기타단일로,183,17,293,86,195,12
전남,무안군,교차로내,154,6,307,80,221,6
전남,무안군,교차로횡단보도내,6,0,7,5,2,0
전남,무안군,교차로부근,51,4,81,24,56,1
전남,무안군,주차장,7,0,10,1,9,0
전남,무안군,기타,7,0,11,3,8,0
전남,함평군,교량위,2,1,1,1,0,0
전남,함평군,기타단일로,99,8,159,35,104,20
전남,함평군,교차로내,53,4,112,29,72,11
전남,함평군,교차로부근,17,0,21,3,13,5
전남,함평군,주차장,6,0,6,1,4,1
전남,함평군,기타,2,0,2,0,1,1
전남,영광군,교량위,1,0,1,1,0,0
전남,영광군,고가도로위,2,0,6,2,4,0
전남,영광군,기타단일로,133,7,182,76,94,12
전남,영광군,교차로내,103,4,165,44,121,0
전남,영광군,교차로횡단보도내,3,0,3,2,1,0
전남,영광군,교차로부근,12,1,19,8,11,0
전남,영광군,기타,2,0,2,2,0,0
전남,장성군,교량위,1,0,1,0,1,0
전남,장성군,고가도로위,1,0,6,0,6,0
전남,장성군,기타단일로,113,8,165,38,113,14
전남,장성군,교차로내,96,2,198,31,153,14
전남,장성군,교차로횡단보도내,3,1,3,1,2,0
전남,장성군,교차로부근,24,1,30,3,26,1
전남,장성군,주차장,3,0,4,0,4,0
전남,장성군,기타,6,0,7,1,6,0
전남,완도군,교량위,1,0,3,1,2,0
전남,완도군,지하차도(도로)내,1,0,1,0,1,0
전남,완도군,기타단일로,110,4,163,65,96,2
전남,완도군,교차로내,43,4,64,14,49,1
전남,완도군,교차로부근,11,1,14,4,10,0
전남,완도군,주차장,1,0,1,0,1,0
전남,완도군,기타,10,0,13,3,10,0
전남,진도군,터널안,1,0,2,1,1,0
전남,진도군,교량위,1,0,1,0,1,0
전남,진도군,기타단일로,79,12,103,41,60,2
전남,진도군,교차로내,38,3,52,11,37,4
전남,진도군,교차로횡단보도내,1,1,0,0,0,0
전남,진도군,교차로부근,5,0,10,2,7,1
전남,진도군,기타,1,0,1,1,0,0
전남,신안군,교량위,1,0,1,0,1,0
전남,신안군,기타단일로,58,8,97,41,51,5
전남,신안군,교차로내,12,0,15,6,9,0
전남,신안군,교차로부근,7,0,15,4,10,1
전남,신안군,주차장,2,0,4,1,3,0
전남,신안군,기타,3,0,5,1,4,0
경북,포항시,터널안,2,0,5,2,3,0
경북,포항시,교량위,12,0,27,5,22,0
경북,포항시,고가도로위,5,0,8,2,6,0
경북,포항시,지하차도(도로)내,1,0,2,0,2,0
경북,포항시,기타단일로,1220,18,1782,459,1269,54
경북,포항시,교차로내,924,6,1493,324,1115,54
경북,포항시,교차로횡단보도내,76,1,81,42,39,0
경북,포항시,교차로부근,316,6,479,102,361,16
경북,포항시,주차장,12,0,15,1,14,0
경북,포항시,기타,21,1,27,11,15,1
경북,경주시,터널안,4,1,7,2,5,0
경북,경주시,교량위,14,1,24,3,21,0
경북,경주시,지하차도(도로)내,7,0,9,2,7,0
경북,경주시,기타단일로,848,34,1329,420,850,59
경북,경주시,교차로내,489,4,776,234,500,42
경북,경주시,교차로횡단보도내,46,1,54,31,23,0
경북,경주시,교차로부근,232,2,359,89,253,17
경북,경주시,주차장,15,0,20,6,14,0
경북,경주시,기타,20,0,21,7,13,1
경북,김천시,기타단일로,281,18,369,115,243,11
경북,김천시,교차로내,220,4,339,108,229,2
경북,김천시,교차로횡단보도내,26,0,30,12,17,1
경북,김천시,교차로부근,86,0,137,34,101,2
경북,김천시,주차장,8,0,9,3,6,0
경북,김천시,불명,1,0,1,1,0,0
경북,안동시,교량위,7,2,6,0,5,1
경북,안동시,지하차도(도로)내,1,0,1,0,1,0
경북,안동시,기타단일로,562,26,799,241,534,24
경북,안동시,교차로내,269,2,446,105,336,5
경북,안동시,교차로횡단보도내,14,0,18,6,11,1
경북,안동시,교차로부근,93,2,146,27,116,3
경북,안동시,주차장,4,0,4,1,2,1
경북,안동시,기타,16,1,28,10,18,0
경북,안동시,불명,1,0,1,0,1,0
경북,구미시,터널안,7,0,27,6,21,0
경북,구미시,교량위,12,0,21,5,11,5
경북,구미시,고가도로위,3,0,9,1,5,3
경북,구미시,지하차도(도로)내,3,0,4,2,1,1
경북,구미시,기타단일로,869,25,1231,316,791,124
경북,구미시,교차로내,642,4,939,233,583,123
경북,구미시,교차로횡단보도내,45,0,50,22,26,2
경북,구미시,교차로부근,413,6,667,134,478,55
경북,구미시,주차장,14,0,17,3,12,2
경북,구미시,기타,70,1,90,22,47,21
경북,구미시,불명,3,0,3,0,2,1
경북,영주시,교량위,6,0,8,4,4,0
경북,영주시,기타단일로,248,9,355,118,220,17
경북,영주시,교차로내,226,1,343,73,249,21
경북,영주시,교차로횡단보도내,13,0,14,4,10,0
경북,영주시,교차로부근,70,1,96,21,72,3
경북,영주시,주차장,5,0,6,0,4,2
경북,영주시,철길건널목,1,0,1,1,0,0
경북,영주시,기타,13,0,15,9,5,1
경북,영주시,불명,1,0,1,0,1,0
경북,영천시,교량위,8,1,16,3,13,0
경북,영천시,고가도로위,1,1,0,0,0,0
경북,영천시,기타단일로,287,14,475,137,327,11
경북,영천시,교차로내,221,3,353,79,271,3
경북,영천시,교차로횡단보도내,13,1,12,5,7,0
경북,영천시,교차로부근,91,4,162,23,130,9
경북,영천시,주차장,2,0,2,1,1,0
경북,영천시,기타,5,0,17,7,10,0
경북,문경시,터널안,1,1,2,0,2,0
경북,문경시,기타단일로,177,7,243,90,140,13
경북,문경시,교차로내,169,3,285,76,193,16
경북,문경시,교차로횡단보도내,14,0,15,8,6,1
경북,문경시,교차로부근,43,2,69,20,48,1
경북,문경시,주차장,1,0,2,0,2,0
경북,문경시,기타,5,0,6,1,4,1
경북,상주시,터널안,3,0,4,1,3,0
경북,상주시,교량위,4,1,3,2,1,0
경북,상주시,고가도로위,1,0,1,0,1,0
경북,상주시,지하차도(도로)내,1,0,1,1,0,0
경북,상주시,기타단일로,268,20,332,142,180,10
경북,상주시,교차로내,197,13,277,94,181,2
경북,상주시,교차로횡단보도내,16,0,16,9,7,0
경북,상주시,교차로부근,61,2,97,20,74,3
경북,상주시,기타,3,0,4,3,1,0
경북,군위군,터널안,1,1,1,0,1,0
경북,군위군,교량위,1,0,5,4,1,0
경북,군위군,기타단일로,68,9,95,37,57,1
경북,군위군,교차로내,26,1,43,12,29,2
경북,군위군,교차로부근,4,0,5,3,2,0
경북,군위군,기타,3,1,3,0,3,0
경북,의성군,교량위,2,1,2,0,2,0
경북,의성군,고가도로위,1,0,1,1,0,0
경북,의성군,지하차도(도로)내,1,0,1,1,0,0
경북,의성군,기타단일로,109,7,142,87,53,2
경북,의성군,교차로내,88,4,135,57,76,2
경북,의성군,교차로횡단보도내,3,1,2,1,1,0
경북,의성군,교차로부근,24,1,34,13,21,0
경북,의성군,주차장,1,0,1,0,0,1
경북,의성군,기타,17,2,17,11,5,1
경북,청송군,터널안,1,0,1,1,0,0
경북,청송군,교량위,2,0,7,0,7,0
경북,청송군,기타단일로,54,5,98,39,57,2
경북,청송군,교차로내,20,0,30,15,13,2
경북,청송군,교차로부근,5,0,6,3,3,0
경북,청송군,주차장,1,0,1,1,0,0
경북,청송군,기타,4,1,9,2,6,1
경북,영양군,교량위,1,1,0,0,0,0
경북,영양군,기타단일로,40,2,57,30,27,0
경북,영양군,교차로내,29,0,57,16,40,1
경북,영양군,교차로횡단보도내,2,0,2,1,1,0
경북,영양군,교차로부근,7,0,11,2,9,0
경북,영덕군,터널안,1,0,1,1,0,0
경북,영덕군,교량위,1,0,1,1,0,0
경북,영덕군,기타단일로,151,7,219,73,140,6
경북,영덕군,교차로내,100,3,179,60,113,6
경북,영덕군,교차로부근,28,0,57,7,47,3
경북,영덕군,주차장,3,0,5,0,5,0
경북,영덕군,기타,3,1,2,0,2,0
경북,청도군,터널안,4,1,7,3,4,0
경북,청도군,기타단일로,125,13,172,66,101,5
경북,청도군,교차로내,72,3,129,46,76,7
경북,청도군,교차로부근,23,1,53,17,36,0
경북,청도군,주차장,2,0,2,1,1,0
경북,청도군,기타,11,0,13,2,9,2
경북,고령군,터널안,2,0,5,2,3,0
경북,고령군,교량위,1,0,2,2,0,0
경북,고령군,고가도로위,2,0,4,1,3,0
경북,고령군,기타단일로,80,3,110,32,73,5
경북,고령군,교차로내,61,2,103,22,80,1
경북,고령군,교차로횡단보도내,4,0,4,2,2,0
경북,고령군,교차로부근,17,0,26,9,17,0
경북,고령군,기타,18,0,25,19,6,0
경북,성주군,교량위,2,1,2,1,1,0
경북,성주군,기타단일로,89,7,125,49,76,0
경북,성주군,교차로내,56,3,84,30,54,0
경북,성주군,교차로횡단보도내,3,0,3,1,2,0
경북,성주군,교차로부근,31,1,44,13,30,1
경북,성주군,주차장,1,0,1,0,1,0
경북,성주군,기타,56,2,69,28,41,0
경북,성주군,불명,21,1,26,8,18,0
경북,칠곡군,터널안,2,0,3,0,3,0
경북,칠곡군,교량위,9,0,15,3,12,0
경북,칠곡군,고가도로위,1,0,1,0,0,1
경북,칠곡군,기타단일로,366,16,542,130,305,107
경북,칠곡군,교차로내,233,1,413,76,272,65
경북,칠곡군,교차로횡단보도내,12,0,13,6,5,2
경북,칠곡군,교차로부근,87,1,137,32,84,21
경북,칠곡군,주차장,11,0,14,3,11,0
경북,칠곡군,기타,15,0,22,4,15,3
경북,예천군,터널안,1,0,1,0,1,0
경북,예천군,교량위,2,0,3,1,2,0
경북,예천군,기타단일로,68,7,93,58,34,1
경북,예천군,교차로내,63,1,88,60,28,0
경북,예천군,교차로횡단보도내,4,1,3,1,1,1
경북,예천군,교차로부근,28,2,39,20,19,0
경북,예천군,주차장,2,0,2,2,0,0
경북,예천군,기타,2,0,2,2,0,0
경북,봉화군,터널안,1,0,1,1,0,0
경북,봉화군,교량위,2,0,2,1,0,1
경북,봉화군,기타단일로,68,5,114,40,72,2
경북,봉화군,교차로내,31,0,55,17,36,2
경북,봉화군,교차로횡단보도내,1,0,1,1,0,0
경북,봉화군,교차로부근,9,2,17,2,15,0
경북,봉화군,주차장,2,0,2,0,2,0
경북,봉화군,기타,8,1,16,11,5,0
경북,울진군,터널안,2,0,3,2,1,0
경북,울진군,교량위,3,1,2,2,0,0
경북,울진군,기타단일로,98,10,115,58,40,17
경북,울진군,교차로내,48,0,69,30,29,10
경북,울진군,교차로횡단보도내,2,0,2,0,2,0
경북,울진군,교차로부근,15,0,19,7,11,1
경북,울진군,주차장,4,1,3,1,2,0
경북,울릉군,기타단일로,4,0,11,3,8,0
경북,울릉군,기타,13,1,31,9,22,0
경북,경산시,터널안,1,0,1,0,1,0
경북,경산시,교량위,3,1,3,1,2,0
경북,경산시,고가도로위,3,0,4,2,2,0
경북,경산시,지하차도(도로)내,1,0,1,0,1,0
경북,경산시,기타단일로,536,20,694,232,439,23
경북,경산시,교차로내,341,9,504,181,311,12
경북,경산시,교차로횡단보도내,33,2,33,13,17,3
경북,경산시,교차로부근,138,6,196,49,143,4
경북,경산시,주차장,14,0,18,4,14,0
경북,경산시,기타,17,1,17,6,11,0
경남,진주시,터널안,1,0,3,0,3,0
경남,진주시,교량위,6,0,23,15,8,0
경남,진주시,기타단일로,364,22,459,246,202,11
경남,진주시,교차로내,250,7,325,149,172,4
경남,진주시,교차로횡단보도내,44,0,50,33,16,1
경남,진주시,교차로부근,77,3,99,38,58,3
경남,진주시,기타,13,1,13,10,3,0
경남,통영시,교량위,2,0,4,0,4,0
경남,통영시,지하차도(도로)내,1,0,1,0,1,0
경남,통영시,기타단일로,347,8,520,144,344,32
경남,통영시,교차로내,218,1,316,80,227,9
경남,통영시,교차로횡단보도내,27,1,27,14,12,1
경남,통영시,교차로부근,81,2,110,28,81,1
경남,통영시,주차장,10,0,14,1,12,1
경남,통영시,기타,6,0,6,3,3,0
경남,김해시,터널안,9,0,21,10,11,0
경남,김해시,교량위,4,0,4,2,1,1
경남,김해시,고가도로위,1,0,1,0,1,0
경남,김해시,지하차도(도로)내,4,0,7,0,7,0
경남,김해시,기타단일로,1025,25,1536,509,961,66
경남,김해시,교차로내,777,6,1176,416,721,39
경남,김해시,교차로횡단보도내,89,0,95,57,36,2
경남,김해시,교차로부근,246,4,379,130,235,14
경남,김해시,주차장,4,0,4,0,3,1
경남,김해시,기타,30,0,39,8,31,0
경남,김해시,불명,1,0,1,0,1,0
경남,밀양시,터널안,2,0,5,1,4,0
경남,밀양시,교량위,3,0,10,3,5,2
경남,밀양시,기타단일로,191,17,265,118,140,7
경남,밀양시,교차로내,156,5,206,83,122,1
경남,밀양시,교차로횡단보도내,10,0,10,8,2,0
경남,밀양시,교차로부근,31,2,36,12,20,4
경남,밀양시,주차장,4,0,7,1,6,0
경남,밀양시,기타,4,0,5,1,2,2
경남,거제시,터널안,9,0,18,7,11,0
경남,거제시,교량위,1,0,1,0,1,0
경남,거제시,고가도로위,4,0,7,1,6,0
경남,거제시,지하차도(도로)내,2,0,2,0,2,0
경남,거제시,기타단일로,456,17,680,224,439,17
경남,거제시,교차로내,293,2,378,141,232,5
경남,거제시,교차로횡단보도내,30,0,31,20,11,0
경남,거제시,교차로부근,100,1,149,45,101,3
경남,거제시,주차장,12,0,15,7,8,0
경남,거제시,기타,101,1,140,46,92,2
경남,거제시,불명,2,0,2,1,1,0
경남,의령군,터널안,1,0,2,0,2,0
경남,의령군,교량위,2,0,3,2,1,0
경남,의령군,기타단일로,76,4,99,51,47,1
경남,의령군,교차로내,42,1,74,31,37,6
경남,의령군,교차로부근,9,0,14,11,3,0
경남,의령군,주차장,1,0,1,0,1,0
경남,의령군,기타,1,0,1,1,0,0
경남,함안군,터널안,4,0,8,2,6,0
경남,함안군,교량위,1,0,1,0,1,0
경남,함안군,기타단일로,133,13,221,81,134,6
경남,함안군,교차로내,95,2,132,55,73,4
경남,함안군,교차로횡단보도내,4,0,4,3,1,0
경남,함안군,교차로부근,40,2,45,14,30,1
경남,함안군,기타,1,0,1,1,0,0
경남,창녕군,교량위,2,0,2,2,0,0
경남,창녕군,기타단일로,171,9,241,92,129,20
경남,창녕군,교차로내,144,8,207,78,119,10
경남,창녕군,교차로횡단보도내,6,1,7,4,2,1
경남,창녕군,교차로부근,50,1,66,30,31,5
경남,창녕군,주차장,3,0,3,2,1,0
경남,창녕군,기타,1,0,1,0,1,0
경남,양산시,터널안,3,0,6,4,1,1
경남,양산시,교량위,6,0,8,3,4,1
경남,양산시,지하차도(도로)내,2,0,2,1,0,1
경남,양산시,기타단일로,434,10,606,169,361,76
경남,양산시,교차로내,393,2,605,174,353,78
경남,양산시,교차로횡단보도내,48,2,50,20,30,0
경남,양산시,교차로부근,132,4,183,40,120,23
경남,양산시,주차장,7,0,7,3,3,1
경남,양산시,기타,17,0,21,5,12,4
경남,고성군,터널안,1,0,2,2,0,0
경남,고성군,교량위,2,0,2,1,1,0
경남,고성군,지하차도(도로)내,1,0,4,1,3,0
경남,고성군,기타단일로,140,6,213,90,120,3
경남,고성군,교차로내,76,2,101,51,50,0
경남,고성군,교차로횡단보도내,3,0,3,2,1,0
경남,고성군,교차로부근,18,1,38,22,16,0
경남,고성군,기타,1,0,1,0,1,0
경남,사천시,터널안,1,0,1,0,1,0
경남,사천시,교량위,4,0,8,3,5,0
경남,사천시,기타단일로,286,12,445,181,226,38
경남,사천시,교차로내,291,3,491,171,249,71
경남,사천시,교차로횡단보도내,9,0,10,5,4,1
경남,사천시,교차로부근,65,0,105,35,60,10
경남,사천시,주차장,2,0,2,0,0,2
경남,사천시,기타,5,0,6,2,3,1
경남,남해군,터널안,2,0,4,4,0,0
경남,남해군,교량위,4,0,8,1,6,1
경남,남해군,기타단일로,117,1,175,103,60,12
경남,남해군,교차로내,39,1,59,33,22,4
경남,남해군,교차로횡단보도내,2,0,2,1,1,0
경남,남해군,교차로부근,21,1,26,20,5,1
경남,남해군,주차장,2,0,5,2,3,0
경남,남해군,기타,1,0,1,1,0,0
경남,하동군,교량위,1,0,1,0,1,0
경남,하동군,기타단일로,87,9,121,58,57,6
경남,하동군,교차로내,41,0,60,23,35,2
경남,하동군,교차로횡단보도내,1,0,2,2,0,0
경남,하동군,교차로부근,5,0,6,1,4,1
경남,하동군,주차장,1,0,1,0,1,0
경남,하동군,기타,30,6,34,12,21,1
경남,산청군,교량위,1,0,3,1,0,2
경남,산청군,지하차도(도로)내,1,0,1,1,0,0
경남,산청군,기타단일로,98,4,162,67,71,24
경남,산청군,교차로내,52,0,112,47,57,8
경남,산청군,교차로횡단보도내,1,0,1,0,1,0
경남,산청군,교차로부근,7,1,12,6,3,3
경남,산청군,주차장,3,0,5,2,3,0
경남,산청군,기타,1,0,1,1,0,0
경남,함양군,기타단일로,91,2,148,58,67,23
경남,함양군,교차로내,74,3,112,36,60,16
경남,함양군,교차로횡단보도내,2,0,3,2,1,0
경남,함양군,교차로부근,13,2,14,5,9,0
경남,거창군,교량위,3,0,6,1,4,1
경남,거창군,기타단일로,112,10,139,74,60,5
경남,거창군,교차로내,112,4,168,81,83,4
경남,거창군,교차로횡단보도내,3,0,3,3,0,0
경남,거창군,교차로부근,23,1,26,14,8,4
경남,거창군,주차장,2,0,2,0,2,0
경남,거창군,기타,1,0,1,1,0,0
경남,합천군,교량위,2,0,2,2,0,0
경남,합천군,기타단일로,112,9,129,62,56,11
경남,합천군,교차로내,58,2,80,32,42,6
경남,합천군,교차로횡단보도내,2,0,2,1,1,0
경남,합천군,교차로부근,11,1,18,3,12,3
경남,합천군,기타,6,0,6,4,2,0
경남,창원시(통합),터널안,13,0,24,7,17,0
경남,창원시(통합),교량위,9,4,12,1,11,0
경남,창원시(통합),고가도로위,6,0,19,1,18,0
경남,창원시(통합),지하차도(도로)내,3,0,4,0,4,0
경남,창원시(통합),기타단일로,1238,42,1705,568,1080,57
경남,창원시(통합),교차로내,933,11,1314,437,848,29
경남,창원시(통합),교차로횡단보도내,109,6,108,55,49,4
경남,창원시(통합),교차로부근,411,8,605,183,412,10
경남,창원시(통합),주차장,8,0,8,5,3,0
경남,창원시(통합),기타,85,1,125,34,79,12
제주,제주시,교량위,2,0,3,2,1,0
제주,제주시,고가도로위,2,0,2,1,1,0
제주,제주시,지하차도(도로)내,1,0,3,0,2,1
제주,제주시,기타단일로,1432,33,2053,463,1327,263
제주,제주시,교차로내,956,7,1575,291,1095,189
제주,제주시,교차로횡단보도내,106,1,121,55,62,4
제주,제주시,교차로부근,356,5,552,100,392,60
제주,제주시,주차장,27,0,27,9,15,3
제주,제주시,기타,145,3,189,48,120,21
제주,제주시,불명,4,0,4,1,3,0
제주,서귀포시,기타단일로,600,23,845,240,524,81
제주,서귀포시,교차로내,506,4,865,202,573,90
제주,서귀포시,교차로횡단보도내,15,0,19,9,9,1
제주,서귀포시,교차로부근,182,2,290,73,191,26
제주,서귀포시,주차장,23,0,32,6,20,6
제주,서귀포시,기타,21,2,22,8,11,3
대구,중구,터널안,1,0,1,0,1,0
대구,중구,교량위,1,0,1,0,0,1
대구,중구,고가도로위,1,0,1,0,0,1
대구,중구,지하차도(도로)내,2,0,3,0,2,1
대구,중구,기타단일로,594,2,796,169,515,112
대구,중구,교차로내,207,1,312,75,205,32
대구,중구,교차로횡단보도내,19,1,19,9,7,3
대구,중구,교차로부근,166,2,283,42,211,30
대구,중구,주차장,1,0,1,1,0,0
대구,중구,기타,15,0,18,5,6,7
대구,동구,교량위,10,0,18,2,16,0
대구,동구,고가도로위,1,0,1,0,1,0
대구,동구,지하차도(도로)내,4,0,11,5,5,1
대구,동구,기타단일로,844,14,1215,306,828,81
대구,동구,교차로내,367,2,572,133,397,42
대구,동구,교차로횡단보도내,59,2,63,34,26,3
대구,동구,교차로부근,221,3,343,82,226,35
대구,동구,주차장,8,0,8,1,7,0
대구,동구,기타,108,1,145,35,104,6
대구,동구,불명,1,0,1,0,1,0
대구,서구,터널안,1,0,1,0,1,0
대구,서구,교량위,3,0,3,1,2,0
대구,서구,고가도로위,2,0,2,0,2,0
대구,서구,지하차도(도로)내,7,0,7,4,3,0
대구,서구,기타단일로,727,7,1052,244,717,91
대구,서구,교차로내,294,3,430,113,278,39
대구,서구,교차로횡단보도내,43,0,46,18,24,4
대구,서구,교차로부근,196,3,291,64,197,30
대구,서구,주차장,3,0,4,1,3,0
대구,서구,기타,26,1,31,8,19,4
대구,남구,터널안,5,0,10,2,6,2
대구,남구,교량위,5,0,10,2,6,2
대구,남구,고가도로위,6,0,12,4,8,0
대구,남구,지하차도(도로)내,3,0,5,2,3,0
대구,남구,기타단일로,430,7,596,145,411,40
대구,남구,교차로내,181,1,261,52,187,22
대구,남구,교차로횡단보도내,28,0,28,13,13,2
대구,남구,교차로부근,104,0,171,39,126,6
대구,남구,주차장,3,0,3,1,1,1
대구,남구,기타,75,2,107,32,64,11
대구,북구,터널안,7,0,13,6,7,0
대구,북구,교량위,16,2,29,6,22,1
대구,북구,고가도로위,7,1,14,1,10,3
대구,북구,지하차도(도로)내,10,0,21,6,11,4
대구,북구,기타단일로,1210,13,1680,436,1119,125
대구,북구,교차로내,557,4,835,221,535,79
대구,북구,교차로횡단보도내,102,4,119,43,65,11
대구,북구,교차로부근,237,1,346,79,242,25
대구,북구,주차장,4,0,4,1,3,0
대구,북구,기타,63,0,77,18,51,8
대구,북구,불명,2,0,2,1,1,0
대구,수성구,터널안,3,0,4,0,2,2
대구,수성구,교량위,6,1,8,2,4,2
대구,수성구,고가도로위,3,0,3,1,1,1
대구,수성구,지하차도(도로)내,2,0,6,1,5,0
대구,수성구,기타단일로,1010,16,1411,338,935,138
대구,수성구,교차로내,463,1,727,198,441,88
대구,수성구,교차로횡단보도내,89,0,99,50,45,4
대구,수성구,교차로부근,363,3,531,117,367,47
대구,수성구,주차장,8,0,10,0,10,0
대구,수성구,기타,40,0,44,4,35,5
대구,달서구,터널안,3,0,7,0,7,0
대구,달서구,교량위,1,0,2,0,2,0
대구,달서구,고가도로위,6,0,11,2,9,0
대구,달서구,지하차도(도로)내,1,0,1,1,0,0
대구,달서구,기타단일로,1596,7,2255,427,1647,181
대구,달서구,교차로내,832,7,1299,260,972,67
대구,달서구,교차로횡단보도내,127,2,137,56,70,11
대구,달서구,교차로부근,437,2,618,120,452,46
대구,달서구,주차장,16,0,25,2,21,2
대구,달서구,기타,104,2,134,38,89,7
대구,달성군,터널안,4,0,9,4,5,0
대구,달성군,교량위,3,0,5,0,4,1
대구,달성군,고가도로위,1,0,1,0,1,0
대구,달성군,지하차도(도로)내,1,0,1,0,0,1
대구,달성군,기타단일로,336,14,429,130,273,26
대구,달성군,교차로내,308,12,473,139,315,19
대구,달성군,교차로횡단보도내,24,1,24,12,10,2
대구,달성군,교차로부근,160,1,214,54,151,9
대구,달성군,주차장,8,0,10,3,7,0
대구,달성군,기타,28,2,33,8,20,5
인천,중구,교량위,1,0,5,3,2,0
인천,중구,지하차도(도로)내,1,0,2,0,2,0
인천,중구,기타단일로,187,4,295,64,208,23
인천,중구,교차로내,138,4,254,74,164,16
인천,중구,교차로횡단보도내,14,0,18,9,8,1
인천,중구,교차로부근,62,0,87,20,66,1
인천,중구,주차장,4,0,4,1,2,1
인천,중구,기타,15,0,22,5,17,0
인천,동구,터널안,3,0,5,2,3,0
인천,동구,고가도로위,1,0,1,1,0,0
인천,동구,기타단일로,51,0,83,26,54,3
인천,동구,교차로내,40,0,58,15,38,5
인천,동구,교차로횡단보도내,10,0,10,5,3,2
인천,동구,교차로부근,24,1,37,6,31,0
인천,동구,기타,4,0,5,2,1,2
인천,남구,교량위,12,0,23,3,13,7
인천,남구,고가도로위,5,0,8,2,5,1
인천,남구,지하차도(도로)내,1,0,1,1,0,0
인천,남구,기타단일로,404,7,599,135,427,37
인천,남구,교차로내,252,2,388,93,276,19
인천,남구,교차로횡단보도내,49,0,55,26,28,1
인천,남구,교차로부근,210,4,321,52,250,19
인천,남구,주차장,6,0,6,1,5,0
인천,남구,기타,153,2,188,18,138,32
인천,남구,불명,2,0,2,0,2,0
인천,부평구,터널안,3,0,4,1,3,0
인천,부평구,교량위,18,0,51,14,30,7
인천,부평구,고가도로위,6,0,7,1,6,0
인천,부평구,지하차도(도로)내,1,0,1,0,1,0
인천,부평구,기타단일로,672,9,915,230,653,32
인천,부평구,교차로내,273,2,384,117,258,9
인천,부평구,교차로횡단보도내,52,1,53,22,29,2
인천,부평구,교차로부근,195,0,285,59,225,1
인천,부평구,주차장,3,0,4,0,4,0
인천,부평구,기타,52,0,63,17,44,2
인천,부평구,불명,1,0,1,0,1,0
인천,남동구,터널안,3,0,3,0,3,0
인천,남동구,교량위,11,0,16,4,12,0
인천,남동구,고가도로위,6,0,17,6,10,1
인천,남동구,지하차도(도로)내,6,0,17,3,12,2
인천,남동구,기타단일로,746,11,1131,264,825,42
인천,남동구,교차로내,426,6,697,175,502,20
인천,남동구,교차로횡단보도내,53,2,55,24,28,3
인천,남동구,교차로부근,263,2,401,62,328,11
인천,남동구,주차장,14,0,17,0,16,1
인천,남동구,기타,112,0,143,22,114,7
인천,남동구,불명,1,0,3,0,3,0
인천,서구,터널안,1,0,2,0,2,0
인천,서구,교량위,14,1,24,9,11,4
인천,서구,고가도로위,15,1,35,12,23,0
인천,서구,지하차도(도로)내,3,0,7,2,5,0
인천,서구,기타단일로,634,6,831,184,599,48
인천,서구,교차로내,417,5,682,211,445,26
인천,서구,교차로횡단보도내,29,3,30,12,16,2
인천,서구,교차로부근,312,5,445,70,359,16
인천,서구,주차장,7,0,9,0,9,0
인천,서구,기타,74,0,94,16,74,4
인천,연수구,터널안,3,0,6,1,5,0
인천,연수구,교량위,7,0,10,1,7,2
인천,연수구,고가도로위,1,0,8,3,2,3
인천,연수구,지하차도(도로)내,2,0,2,0,2,0
인천,연수구,기타단일로,264,2,375,107,255,13
인천,연수구,교차로내,152,2,230,95,127,8
인천,연수구,교차로횡단보도내,36,0,40,22,15,3
인천,연수구,교차로부근,113,0,180,49,126,5
인천,연수구,주차장,1,0,1,0,1,0
인천,연수구,기타,12,0,15,9,6,0
인천,연수구,불명,1,0,1,0,1,0
인천,계양구,교량위,14,0,34,16,16,2
인천,계양구,고가도로위,3,0,3,0,2,1
인천,계양구,기타단일로,379,3,499,143,329,27
인천,계양구,교차로내,195,2,272,87,175,10
인천,계양구,교차로횡단보도내,30,1,31,12,17,2
인천,계양구,교차로부근,142,1,196,36,159,1
인천,계양구,주차장,4,0,7,5,2,0
인천,계양구,기타,40,0,50,13,34,3
인천,강화군,교량위,2,0,11,11,0,0
인천,강화군,기타단일로,116,8,161,70,88,3
인천,강화군,교차로내,59,3,99,31,67,1
인천,강화군,교차로횡단보도내,4,0,4,3,1,0
인천,강화군,교차로부근,20,0,29,5,24,0
인천,강화군,주차장,2,0,2,0,2,0
인천,강화군,기타,7,0,9,1,8,0
인천,옹진군,교량위,1,1,0,0,0,0
인천,옹진군,기타단일로,23,3,51,9,31,11
인천,옹진군,교차로내,6,0,16,5,9,2
인천,옹진군,교차로부근,4,1,6,2,3,1
인천,옹진군,기타,4,0,5,1,4,0
광주,동구,터널안,5,0,7,0,7,0
광주,동구,교량위,3,0,11,0,10,1
광주,동구,고가도로위,5,1,12,5,7,0
광주,동구,기타단일로,289,7,420,84,323,13
광주,동구,교차로내,165,2,310,45,259,6
광주,동구,교차로횡단보도내,21,1,22,10,12,0
광주,동구,교차로부근,49,1,85,12,72,1
광주,동구,주차장,2,0,2,1,1,0
광주,동구,기타,34,0,40,9,31,0
광주,서구,터널안,1,0,1,0,1,0
광주,서구,교량위,10,0,20,0,20,0
광주,서구,고가도로위,2,0,2,0,2,0
광주,서구,지하차도(도로)내,3,0,3,1,1,1
광주,서구,기타단일로,932,15,1372,167,1163,42
광주,서구,교차로내,585,3,1019,119,876,24
광주,서구,교차로횡단보도내,53,2,53,28,23,2
광주,서구,교차로부근,314,5,521,47,462,12
광주,서구,주차장,5,0,6,1,5,0
광주,서구,기타,6,0,7,0,7,0
광주,서구,불명,1,0,1,1,0,0
광주,북구,교량위,15,1,37,3,34,0
광주,북구,고가도로위,10,0,17,6,11,0
광주,북구,지하차도(도로)내,6,0,7,0,7,0
광주,북구,기타단일로,1106,18,1698,183,1466,49
광주,북구,교차로내,690,6,1242,160,1045,37
광주,북구,교차로횡단보도내,56,3,59,20,39,0
광주,북구,교차로부근,325,5,492,48,432,12
광주,북구,주차장,7,0,7,2,5,0
광주,북구,기타,33,1,37,5,30,2
광주,북구,불명,1,0,1,1,0,0
광주,광산구,터널안,11,0,15,5,9,1
광주,광산구,교량위,26,1,52,4,48,0
광주,광산구,고가도로위,4,1,5,1,3,1
광주,광산구,지하차도(도로)내,10,1,17,3,13,1
광주,광산구,기타단일로,777,14,1160,162,971,27
광주,광산구,교차로내,596,8,1039,178,830,31
광주,광산구,교차로횡단보도내,75,0,90,28,60,2
광주,광산구,교차로부근,382,6,607,58,540,9
광주,광산구,주차장,12,0,14,1,12,1
광주,광산구,기타,64,3,88,7,81,0
광주,남구,터널안,1,0,1,0,1,0
광주,남구,교량위,1,0,1,0,1,0
광주,남구,고가도로위,5,0,7,0,7,0
광주,남구,기타단일로,375,10,582,98,459,25
광주,남구,교차로내,212,2,385,54,312,19
광주,남구,교차로횡단보도내,41,0,45,20,24,1
광주,남구,교차로부근,133,3,206,17,183,6
광주,남구,주차장,4,0,5,0,5,0
광주,남구,기타,29,0,37,6,29,2
광주,남구,불명,7,0,9,2,6,1
대전,동구,터널안,5,0,9,1,8,0
대전,동구,교량위,4,0,7,2,5,0
대전,동구,고가도로위,2,0,3,0,2,1
대전,동구,지하차도(도로)내,2,0,2,1,1,0
대전,동구,기타단일로,551,18,745,171,567,7
대전,동구,교차로내,306,2,470,101,363,6
대전,동구,교차로횡단보도내,50,1,51,25,25,1
대전,동구,교차로부근,156,3,248,44,204,0
대전,동구,주차장,5,0,6,0,6,0
대전,동구,기타,12,1,17,2,15,0
대전,동구,불명,1,0,1,0,1,0
대전,중구,터널안,1,0,1,0,0,1
대전,중구,교량위,10,2,16,1,14,1
대전,중구,고가도로위,6,0,9,4,5,0
대전,중구,지하차도(도로)내,4,0,9,5,4,0
대전,중구,기타단일로,551,9,786,180,588,18
대전,중구,교차로내,374,1,606,138,463,5
대전,중구,교차로횡단보도내,68,0,73,42,30,1
대전,중구,교차로부근,184,1,279,57,219,3
대전,중구,주차장,3,0,3,0,2,1
대전,중구,기타,4,0,4,1,3,0
대전,서구,터널안,5,0,9,2,7,0
대전,서구,교량위,21,0,37,3,34,0
대전,서구,고가도로위,2,0,2,1,1,0
대전,서구,지하차도(도로)내,18,0,41,5,36,0
대전,서구,기타단일로,1036,10,1480,230,1204,46
대전,서구,교차로내,736,5,1250,229,998,23
대전,서구,교차로횡단보도내,128,2,144,49,91,4
대전,서구,교차로부근,437,3,646,95,531,20
대전,서구,주차장,22,0,28,3,25,0
대전,서구,기타,35,0,38,13,24,1
대전,유성구,터널안,3,0,7,0,7,0
대전,유성구,교량위,9,0,11,1,10,0
대전,유성구,고가도로위,5,0,13,2,6,5
대전,유성구,지하차도(도로)내,8,0,16,5,10,1
대전,유성구,기타단일로,882,7,1427,220,1128,79
대전,유성구,교차로내,571,2,955,194,728,33
대전,유성구,교차로횡단보도내,48,0,53,14,39,0
대전,유성구,교차로부근,315,1,532,72,429,31
대전,유성구,주차장,7,0,10,2,8,0
대전,유성구,기타,35,0,40,5,35,0
대전,대덕구,터널안,1,0,1,0,1,0
대전,대덕구,교량위,7,0,15,2,12,1
대전,대덕구,고가도로위,4,0,7,1,6,0
대전,대덕구,기타단일로,553,12,829,146,610,73
대전,대덕구,교차로내,310,2,437,93,321,23
대전,대덕구,교차로횡단보도내,63,2,69,26,38,5
대전,대덕구,교차로부근,177,2,316,40,254,22
대전,대덕구,주차장,12,0,14,3,11,0
대전,대덕구,기타,18,0,26,5,20,1
울산,중구,교량위,5,0,5,1,4,0
울산,중구,고가도로위,1,0,2,0,2,0
울산,중구,지하차도(도로)내,1,0,1,0,1,0
울산,중구,기타단일로,434,7,605,172,383,50
울산,중구,교차로내,307,0,431,133,251,47
울산,중구,교차로횡단보도내,40,1,41,20,18,3
울산,중구,교차로부근,97,0,150,32,106,12
울산,중구,주차장,6,0,8,3,4,1
울산,중구,기타,10,0,12,3,8,1
울산,남구,교량위,7,1,9,3,6,0
울산,남구,고가도로위,1,0,2,1,0,1
울산,남구,지하차도(도로)내,3,1,3,0,3,0
울산,남구,기타단일로,514,6,756,233,488,35
울산,남구,교차로내,433,2,656,207,430,19
울산,남구,교차로횡단보도내,44,1,48,19,29,0
울산,남구,교차로부근,301,5,444,107,325,12
울산,남구,주차장,6,0,6,2,4,0
울산,남구,기타,44,0,55,8,46,1
울산,동구,터널안,3,0,12,2,10,0
울산,동구,고가도로위,1,0,2,1,1,0
울산,동구,지하차도(도로)내,1,0,1,0,1,0
울산,동구,기타단일로,153,6,180,61,116,3
울산,동구,교차로내,194,2,240,78,161,1
울산,동구,교차로횡단보도내,22,0,23,12,11,0
울산,동구,교차로부근,84,1,122,44,78,0
울산,동구,주차장,4,0,5,2,3,0
울산,동구,기타,7,0,8,5,3,0
울산,동구,불명,1,0,1,0,0,1
울산,북구,터널안,3,0,7,0,7,0
울산,북구,교량위,14,0,21,9,8,4
울산,북구,고가도로위,2,0,6,1,5,0
울산,북구,기타단일로,290,2,444,121,293,30
울산,북구,교차로내,209,2,304,95,184,25
울산,북구,교차로횡단보도내,27,0,32,15,15,2
울산,북구,교차로부근,78,1,119,33,78,8
울산,북구,기타,9,0,13,4,9,0
울산,울주군,터널안,1,0,5,0,5,0
울산,울주군,교량위,7,0,12,7,5,0
울산,울주군,고가도로위,3,1,6,2,3,1
울산,울주군,지하차도(도로)내,1,0,2,0,1,1
울산,울주군,기타단일로,489,16,704,230,412,62
울산,울주군,교차로내,250,3,396,96,253,47
울산,울주군,교차로횡단보도내,18,1,22,9,11,2
울산,울주군,교차로부근,121,5,175,49,104,22
울산,울주군,주차장,2,0,3,0,3,0
울산,울주군,기타,15,0,26,11,15,0
울산,울주군,불명,2,0,2,0,2,0
세종,세종,터널안,5,0,8,1,6,1
세종,세종,교량위,7,1,12,0,12,0
세종,세종,고가도로위,3,1,2,1,1,0
세종,세종,지하차도(도로)내,4,1,6,4,2,0
세종,세종,기타단일로,297,11,453,115,324,14
세종,세종,교차로내,221,2,331,99,215,17
세종,세종,교차로횡단보도내,30,0,34,7,24,3
세종,세종,교차로부근,144,1,219,33,183,3
세종,세종,주차장,5,0,7,1,6,0
세종,세종,기타,30,1,35,11,22,2
